"","1","1.5","2","2.5","3","3.5","4","4.5","5","5.5","6","6.5","7","7.5","8","8.5","9","9.5","10","10.5","11","11.5","12","12.5","13","13.5","14","14.5","15","15.5","16","16.5","17","17.5","18","18.5","19","19.5","20","20.5","21","21.5","22","22.5","23","23.5","24","24.5","25","25.5","26","26.5","27","27.5","28","28.5","29","29.5","30","30.5","31","31.5","32","32.5","33","33.5","34","34.5","35","35.5","36","36.5","37","37.5","38","38.5","39","39.5","40","40.5"
"Abl1",-0.139851103505139,-1.32820025255315,-1.58655110812537,-1.25676703160079,-0.930507540821914,-0.466286903753414,-0.255602561176432,0.169170605617901,0.160969046468363,-0.119800614368142,0.453787862437153,0.474837170875418,0.314404119750632,0.370272416379,0.349489852032069,0.476682537871766,0.462066905204207,0.538419026796406,0.570202461548343,0.537186942216055,0.526686495937568,0.530527974352537,0.421232308052967,0.310364893153565,0.308295014105611,0.279045715289939,0.0840710118961318,0.164620917521435,0.3243677772647,0.107884193885721,0.186889423080995,0.179534667329829,0.252064388863269,0.199618642392681,0.278765086382552,-0.0357149182444913,-0.202694099426892,-0.147925475206598,0.0343250788835293,-0.131986729286557,-0.0391254360371688,0.157302441086887,0.112768316277326,0.180532726606526,0.161130951781472,0.0970417169638138,0.221860197935789,0.469239099705717,0.0164081167803273,-0.130584387702185,-0.0620138260667256,-0.00931324751478706,0.126617920714301,0.126599077471827,0.114288999344781,0.129060023770937,0.230652098130292,0.221570406578172,0.0361150258878329,0.0237533118613396,0.0263999823106971,0.0232162643770439,-0.0428773550593374,-0.0417345591719753,0.0110208111213435,0.00838817685100335,-0.162601673548255,-0.175753924755871,-0.330556705840164,-0.32953628222238,-0.20675583713411,-0.205085641062259,-0.258827179755636,-0.260030935623581,-0.271322115340973,-0.271322115340973,-0.444360959711235,-0.0314136859438847,-0.238113695527833,-0.396840216101964
"Anapc1",-0.445964762311359,-0.578678852852712,-0.65236389864649,-1.13394467241685,-1.13629574124304,-0.967151939226497,-0.755784413901648,-0.643633049841324,-0.401261615468019,-0.38336878023574,-0.591851805366597,-0.265612013085184,-0.311286487852759,-0.430030313222418,-0.398354470685205,-0.131334844494882,-0.156434443317174,-0.17669550769196,0.0182069140531811,-0.020102252794864,-0.0494609586956768,-0.00377665536563957,0.0699245136031732,-0.0564597606194704,-0.183078893556602,-0.38378574602323,-0.268965790549111,-0.422680205011675,-0.318078375294207,0.0257567988522808,-0.172357935388721,-0.160674442498785,-0.000870215511487778,0.0726904499642008,0.0770727381338205,0.254911334189288,-0.128354356604366,-0.23817635871733,-0.267232912875446,-0.00945136415463865,-0.0698171511549937,-0.0102609620300094,0.194166423517485,0.186864810489049,0.183878020450433,0.194667820972648,0.196898404846351,0.289203752591846,-0.125820590145044,-0.0615231298351586,-0.0462980286997432,-0.23702546857126,-0.228662770300767,0.0577371994122731,0.0944868826199072,0.172729136054743,0.174713918576712,0.134836753478054,0.117883510914587,0.00751411255509775,0.0133836132648478,0.123516262307095,0.121074219995755,0.0741408397179018,0.0903887804386964,0.415671738150251,0.430573749092316,0.449035932121961,0.442877966955594,0.353121613600503,0.354926781651096,0.515296956360749,0.519693383686802,0.603606748509534,0.603762086616379,0.52800733657602,0.52800733657602,0.149893796585045,-0.077419552732485,-0.254257530674512
"Atm",-0.421344643256675,-0.660546008021113,-0.934932747449588,-1.73335320737779,-1.83946286213558,-1.56744182822061,-1.34431228681739,-1.04694828590455,-0.967898256339716,-1.1762395954801,-1.39042757273056,-0.66803507120731,-0.941613863515599,-1.33781444699801,-1.10070580990349,-0.729064060010403,-0.638644463759298,-0.665732132176144,-0.0743162322746178,-0.227103034821027,-0.131214943517867,0.112177035095918,0.126715572030848,-0.00742477336245046,-0.0282487085084548,-0.270199491491306,0.0760242550752563,-0.30714920943864,-0.14494082708725,0.495232350165291,0.0206557557655586,0.0788667932169784,0.362701654732295,0.322033482031372,0.449680549691329,0.613271343037136,-0.112198337916786,-0.0974851639448735,-0.27713596681035,-0.14011648770206,-0.165362447506515,-0.0328825725762924,0.11336829275685,0.0332649885757969,0.0964203190147914,-0.0378182959176489,-0.0151875930139491,0.178325689227917,-1.09174953213458,-0.367097981502464,-0.178707418372198,-0.237722538820621,-0.255538580640273,-0.115599360300564,-0.103109135959459,-0.0563956499907808,-0.0231365285426638,0.188448365773383,0.181226972280585,-0.0342280601135284,-0.0413684359231051,0.0331837765321249,0.0262914983900399,0.0205738307930918,0.0600159076391864,0.645796420813494,0.667319222562293,0.63076650512216,0.615822710936511,0.398324991242885,0.401815453391931,0.677793290908198,0.682351516975662,0.64910748254772,0.647563555410792,0.612671161223481,0.612671161223481,0.552000058750473,-0.191951870825022,-0.362055891942006
"Bub1",-0.131645394953762,-0.280369135642491,-0.546812136820061,-1.17279757332693,-1.98918816696256,-1.92472744810897,-2.08614544132997,-2.05177805244558,-1.68547741172945,-1.69891742683502,-1.62978316555193,-1.72388743160721,-1.76830058864942,-1.85340942252152,-1.70861249331872,-1.48006875477095,-1.3772536313937,-1.22887135587559,-1.08836139713508,-1.06057197689574,-0.703187241962057,-0.532262865046161,-0.353609750442039,-0.161956366362824,0.00239870732680496,-0.144453338144281,0.40926587347354,0.598443940556435,0.765101675807036,1.24887359375096,1.17057952576799,1.13872142750536,1.57568499484974,1.56883086662971,1.79646785853857,1.77874944770528,1.67443646462502,1.63485021041933,1.62653690712398,1.78083669628684,1.81807658090636,2.01876821601797,2.02101373432353,2.08180698532109,2.0115564563632,2.01447602353958,2.14309335635068,2.058914166424,0.741891493319324,1.83325976478453,2.01186914931342,1.62320679649844,1.55032535773014,1.70804538157057,1.73540904451779,1.7563601468931,1.76261398166184,1.81323316874289,1.80595241264838,1.6558642811474,1.63897405480544,1.63690675879149,1.65543665403669,1.89745861595971,1.91205857931701,1.97836905220147,1.97881603171756,1.98734494432797,1.98950575459203,2.07493146746781,2.0799185974013,2.2238194179432,2.22808103752303,2.35774595562724,2.35862242005137,2.29749336307894,2.29749336307894,2.04585615434394,-0.231730346874877,-0.333608624255065
"Bub1b",0.0949529567315519,-0.192755675282129,-0.784571617222903,-1.53535070442788,-2.08496396879585,-2.30807068617182,-1.81256697692138,-1.84824465637183,-1.52415412768271,-1.6660984491625,-1.56818741851967,-1.65168665728123,-1.45895313148589,-1.64734805357856,-1.85614706981973,-1.66401167005719,-1.52859391020192,-1.42289892481499,-1.48070800480116,-1.27764530411894,-1.25213341122671,-1.1034675844562,-0.893436223324699,-1.13773719573261,-0.69939543124092,-0.352532061215891,-0.0262775136161853,0.0456829432859798,0.315696104616145,0.606387381231635,0.733140440876093,0.786550870836293,1.08527285589587,1.09093365188005,1.24579164508167,1.35803083496014,1.39786655387851,1.33875952270394,1.40915030806588,1.60208883758228,1.62060231680719,1.76363516872186,1.78825529506447,1.66993625088224,1.7582299436383,1.8049963567424,1.66864955515599,1.71274858424294,1.59221773416821,1.5371685576824,1.51917974533963,1.37959016010713,1.36022385357083,1.31971091061336,1.3171846244258,1.28689308882688,1.27774486770747,1.20410963308148,1.19674788016792,1.17662810362718,1.17749729327,1.24027016589097,1.25506583389772,1.40842801724507,1.414747425141,1.43007678926698,1.43267148953458,1.59382856264288,1.61089313548013,1.95039501217654,1.96134992983313,2.1260013078066,2.12849347394183,2.14887000965718,2.14785029000323,1.91020203831983,1.91020203831983,1.63618495987585,-0.181229650208923,-0.227321669052851
"Bub3",0.0963499794070663,-0.193760981298947,-0.411658943266337,-0.0648103152453901,-0.0670435458777084,0.210851296519616,0.0717235295850251,0.262793722996834,0.301694659457601,0.380935189403416,0.610356249309109,0.258777425412594,0.419846041214235,0.537116196221458,0.547323438607507,0.43996105171315,0.509277246694911,0.55022675421292,0.537909580024921,0.479566836999991,0.520759962666302,0.557136371894521,0.650927457149245,0.790846425777597,0.733216857722516,0.884237945126547,0.883008219081154,1.05160154772471,0.988400781004551,0.904584407394126,1.12784420218834,1.08746772528047,1.0729801414443,1.08262484907314,1.10387778847742,1.10590696894015,1.27855534013699,1.27734877364692,1.43010004229293,1.28359917648717,1.3768563489483,1.35358045007718,1.24418980640123,1.21136975168605,1.21013060727608,1.22658597177269,1.1483328039284,1.05062681995421,1.3848753619359,1.18539380355729,1.0820781020533,0.849235787694998,0.852937704896749,0.951412457480953,0.958356767324785,0.909927689259185,0.896664965460722,0.831883122544928,0.830494112126538,0.886606394436207,0.899363453760803,1.02636115216131,1.03852444308603,1.07824445278728,1.06983633445711,0.875274238333119,0.862503937966438,0.846150644526159,0.856611413385736,1.07377611587453,1.0767782962627,0.979033460825901,0.974661996920045,0.849632485858108,0.84847211563584,0.823776587575657,0.823776587575657,0.684877489136105,0.0127588490368404,-0.139779675650697
"Ccnb2",0.339527303074709,0.169666458689416,-0.25179228978753,-0.43620128008431,-0.827479030146147,-1.3813394403566,-1.77064169704404,-1.77267209619019,-1.99911773743755,-1.98563503457143,-1.67734812697532,-1.89115718818792,-1.58015199724392,-1.58139431256031,-1.46798492370509,-1.86730241076748,-1.54451363226837,-1.68362601861495,-1.79956064760732,-1.43276356445161,-1.78556553598993,-1.40312933185291,-1.70659397709857,-1.23691616040809,-1.28796419019635,-1.00538546378673,-0.599572051500949,-0.511812256168409,-0.4362906806375,-0.247309401262738,-0.0241953135614852,0.019402639300936,0.200985512808627,0.311096096111385,0.506405786889245,0.646830323826044,0.867170330354262,1.07128731216585,1.0909108378955,1.07930101116597,1.42621920604872,1.5385817587567,1.37808354424881,1.40795279390933,1.49731549183857,1.57262682408903,1.51972653633858,1.6465756004727,1.9742801221617,1.69841802554401,1.61525860811022,1.70202131023942,1.72347641763452,1.67804889773463,1.65759079015574,1.52893229741373,1.51142931117422,1.41954987405802,1.4101769983041,1.36497105404359,1.36320784903748,1.36129999528931,1.36028723975836,1.31498993018906,1.3071812284908,1.18272117511556,1.1736454914773,1.2227449866853,1.24295327505127,1.71389718208723,1.7285005289164,1.90400729421186,1.90522670344579,1.91896600785886,1.91954721630471,2.09861273090009,2.09861273090009,1.19954163975088,-0.103455618821866,-0.12529999249233
"Ccnd1",0.0714209572196333,-0.0663583832111685,-0.27919114407765,-0.35759122029441,-0.182621411171186,0.0357044341359605,0.250896269158519,0.337018602775326,0.815906058141362,0.725160837264373,0.87825877517721,1.12518479827294,1.3303483750973,1.31601049688974,1.49278004263318,1.40099102204719,1.56312806723695,1.66791672604259,1.80062879636872,1.85707811602868,1.87277107514076,1.93519097843423,1.93852354552711,1.94278102490037,1.88424032532034,1.88670272334587,1.8746690378082,1.75865689688658,1.91662280353834,1.85292850172837,1.80498425791835,1.85758397285009,1.80267944744303,1.85754958257794,1.92038512548541,1.82645501255124,1.88745270420484,1.93566119192816,1.94467343000017,1.89223619366542,2.11339297113044,2.08863692170367,2.19236013567298,2.17235834585336,2.26630989437161,2.26168640482524,2.24249259354802,2.3004451378645,2.36639626694471,2.30499409167245,2.29819878829087,2.36439675403012,2.36253407954778,2.30167426840085,2.30592438993373,2.38109478145868,2.381387257093,2.33519851886872,2.33708730325745,2.39365053083064,2.39422610193394,2.33062008307853,2.32252236220799,2.29705885423057,2.30205054207195,2.3427561570415,2.33594369648278,2.10310030975138,2.08943992486601,1.86188872841413,1.8491964572428,1.43087083882492,1.41992962307627,1.14724970176191,1.14490837626743,0.998379988834223,0.998379988834223,0.627019237145195,0.0911740862469029,-0.284218328011964
"Ccne1",0.150157142655646,-0.261837073867629,-0.989368513831805,-1.16855274329905,-1.05004030731047,-1.01011936624439,-0.865875666566641,-0.935067062606074,-0.482893074785202,-0.506230035539468,-0.0589492337532552,-0.260216712124522,-0.145610007138778,0.222378753666128,0.547545198103919,0.433975547976414,0.948919293521541,1.34815905035409,1.43655342182519,1.48176884266672,1.80944091222443,1.88068317402278,2.07597886324487,2.44019186237023,2.42543193469304,2.79535143683191,2.89001373050482,3.03442617488348,2.98496017802673,2.88594156995798,2.99381263788825,2.90060458343331,2.88826340347295,2.76359671872254,2.66114809172473,2.50153315390123,2.67578449890187,2.72610416775143,2.63395211015896,2.61038401135427,2.43854087460426,2.21710979938267,2.0936570297367,1.95157989952482,1.91395013835215,1.94071851645464,1.85440763168218,1.89398605080799,2.24518933336054,2.0253196713638,1.96644885783298,2.12631372853401,2.15155138575584,2.12879217529838,2.11922268080303,2.09823286639931,2.09881326658963,2.13197084308186,2.1416582064379,2.20198517489558,2.2011227514071,2.15322480164217,2.15131826962909,2.09624736029477,2.07783002064268,1.78941305921819,1.78187623290505,1.8518194761852,1.85158444687265,1.65226542144316,1.63969677281668,1.29424162180078,1.28357120322343,0.878497420412773,0.874122474121163,0.82020611191075,0.82020611191075,1.11895112182009,0.143932873277512,-0.105810247724973
"Ccnh",0.152175651288217,-0.0758228720151868,-0.370533791598956,-0.238373974716267,-0.582435347775955,-0.43997794753929,-0.726628302156437,-0.312010125893639,-0.145838394650815,-0.207843081072264,0.261523437822056,-0.0731368861577671,0.296850155105185,0.373421290425791,0.359628081532267,0.314202969516866,0.226198624858218,0.164706776988426,0.16201104947874,0.0779515440380872,0.143445765368236,0.026451793570915,0.0930959845092918,0.0621200254313763,0.262239733680775,0.176180919359394,0.0578068970903629,0.336827412466188,0.201890098623751,0.205965105576857,0.280202265334775,0.235996661903633,0.221381362997439,0.183928661150317,0.0533235803573748,0.144413528024643,0.268428025136439,0.110201231741167,0.174442963738239,0.247447936518957,0.268388806692112,0.199038585669381,0.0872868887898562,0.0153625173090349,0.013564130507345,0.0383265504995321,0.0997115877161803,0.135457380895633,-1.2202261214187,0.055283904617554,0.218537531059448,-0.386432771841611,-0.425407281354099,0.157128294655531,0.204029054934581,0.122024588556811,0.109701820496132,0.176196121985809,0.18956094172872,0.228799136791304,0.224292273133744,0.183104315820873,0.187977422912524,0.241622885281636,0.233969937888152,0.0212817615708933,0.00914782852960079,-0.0124838305293137,-0.00829644666525838,0.0123511861874205,0.00678084341283637,-0.202476657259481,-0.204359261562832,-0.0727574530415159,-0.0704628913671906,-0.0605784124024615,-0.0605784124024615,0.301356077603771,-0.173479904125995,-0.111079957163174
"Cdc14b",-0.521311622831279,-0.627207863522687,-0.63596290812346,-1.06147397410054,-1.27167671200504,-0.88689414725148,-0.548658514897215,-0.579274766961424,-0.0344444303148942,-0.0405109080167411,-0.325194932730056,0.0417045215781221,0.0752386423313117,0.0444287202547389,0.0578844115932395,0.504882207352593,0.292434396172938,0.282341611758849,0.366677673025861,0.3217462089853,0.577256737620627,0.628130964544091,0.444225603661978,0.566017613753463,0.412745155128693,-0.208389262801917,0.192944182521769,-0.153530157584125,-0.245838709559606,0.325226777720262,0.16555995161419,0.0499013640566136,0.180460832186772,0.0917964565832613,0.105871392634399,0.150522039668741,-0.0197302471342308,-0.315658182400703,-0.184175028173344,-0.122082128133778,-0.178221190314947,-0.0638197360318087,0.0714532883779321,0.00234331888772411,0.189734546115299,0.0817172627543593,0.143692978952075,0.213764265083789,-0.87816489590245,-0.141495921884878,-0.0478771083019872,-0.817790526734748,-0.821018481970346,-0.0214086545456223,0.0235476432257196,-0.0562890038924542,-0.0269089274635172,0.293427807187219,0.292030026727154,-0.00342274939997009,-0.0283787704021227,-0.0168081007268242,-0.0144541708632516,-0.0240828789686742,-0.0177188130914485,0.162337619084872,0.177470401479459,0.289514386929575,0.28527361984397,0.0942196248006533,0.088848726854017,0.12981213349231,0.133569062303009,0.32550507905986,0.328952567510821,0.660181673089636,0.660181673089636,0.224835205565374,-0.218986622845954,-0.512816983230819
"Cdc20",0.298820596818106,-0.0408376586609801,-0.584923420606484,-0.489835841732808,-0.436526766406239,-0.251449442575033,-0.545629309209431,-0.459557884704701,-0.516112310768872,-0.418253710928576,-0.259638989779324,-0.936962504558483,-0.556057753793879,-0.513251907469207,-0.275962314257218,-0.698539546407533,-0.539140867943169,-0.416752053625077,-0.327503336142589,-0.371355995725025,-0.0549277001454421,-0.0944371537720248,-0.0428863570797536,0.248068323467012,0.155227548587979,0.543761941407685,0.601317387889508,0.950088260179622,0.915822577278515,0.865703234281914,1.0303919992933,1.14200688606414,1.44259134698351,1.50306080016437,1.55838688710354,1.6528971567614,2.12339138480553,2.27025948039836,2.49139808580582,2.41170654131067,2.676106012395,2.65815594133106,2.68759524536637,2.67555464538675,2.84282817856702,2.83594561434078,2.82233792849776,2.6997758882314,3.42112815694196,2.95610602148511,2.78293123417045,2.85322606178238,2.85561275183681,2.54047105224516,2.49768296561181,2.42993199246286,2.41347174818813,2.22423919498294,2.20813018242542,2.22247659257573,2.23255969337235,2.3464582166181,2.36073320376511,2.3897530007726,2.37073403746796,2.07637412978346,2.07819756218086,2.48466562747855,2.51205208677858,2.84622667023758,2.85130896730685,2.7836440397837,2.77808067709428,2.51667283005244,2.51318879942704,2.39509276979666,2.39509276979666,1.70654970414868,-0.0809561558724041,-0.250111001881974
"Cdc25a",-0.154712881034803,-0.499496575343596,-0.444159029600713,0.411048146142904,0.946797244119241,1.08187690331076,1.04446621677218,0.952402591997414,0.942905627017936,1.06332881165329,0.837317461262895,0.882773202205215,1.13141086685518,1.08346076976873,1.23391884477344,1.15225754552667,1.2994203454245,1.25282986668123,1.34082643483164,1.28171851974944,1.4663926194998,1.42126742944748,1.44823080188318,1.64620627109041,1.54308038263664,1.65826969186422,1.63842061627722,1.58315372070964,1.65808540046375,1.70844666408668,1.72949658319375,1.65946542518255,1.58621636047997,1.59267636270795,1.44087645091899,1.52464496015832,1.39754297152234,1.37444529852292,1.41987380160792,1.46010952624996,1.31321762729026,1.36618085031291,1.42838312975616,1.3788693282332,1.35065332028138,1.29665927209458,1.50851274275526,1.47037740930598,1.55049625707384,1.359239544233,1.33576034536322,1.53304162626178,1.53561241338895,1.35733655810021,1.34376883322989,1.39442772463849,1.39403721594726,1.35268098229804,1.36052610078041,1.43154310782553,1.42067693779187,1.2863350226263,1.29681292615427,1.45223118500016,1.43886124141031,1.08036717948125,1.07671590879678,1.29667560120234,1.2964698837305,1.00100000146684,0.991309365031569,0.966681941881565,0.965022525213735,0.735806329279828,0.732087555276803,0.609360913081742,0.609360913081742,0.428746376750679,-0.0757018958653309,-0.214307581024752
"Cdc25b",-0.00604427727337573,-0.287807042312067,-0.928282880612847,-1.87336932479692,-1.88784950370657,-1.63160769349029,-1.48989471539237,-1.30190770337737,-1.11395482483421,-0.87002871693139,-1.340349482988,-1.35950621598487,-1.268244865669,-1.41747239131851,-1.2523079446622,-1.60548882415932,-1.44844731106252,-1.37848078670763,-1.34261082056009,-1.02802778007943,-0.98282174780198,-1.01081285914842,-0.971679281816392,-0.701210846081766,-0.875030021447141,-0.490561698086262,-0.370736069940353,-0.17907711380254,-0.106387882667513,-0.00426752508747884,-0.114722866341314,0.0974036255844119,0.314312059118096,0.267987990885883,0.392042749617869,0.580105485464903,0.703005670138816,0.828830582957731,0.951778348539406,0.899927700109166,0.967700388561563,1.04435479746464,1.2300890651116,1.07358545191939,1.11314998065325,1.09870138129656,0.916549067620863,0.826242592632705,1.14652721940886,0.824012246121073,0.717157494840836,0.718004573251894,0.716974354897452,0.516498782561941,0.477920907405899,0.308913991734096,0.286267822177892,0.182909603522789,0.184184072977578,0.297786071002915,0.316372420120037,0.502100336743626,0.525042892701374,0.63680759104142,0.623328790062832,0.441687501685995,0.457979679556405,0.963239522133678,0.984942310212112,1.2432926058655,1.25498459782845,1.49182268363322,1.4924571737791,1.27093571432297,1.26619336669601,0.986407513328422,0.986407513328422,0.647252704450468,-0.0136829341486633,0.0740037407418415
"Cdc45",0.0902309273885248,-0.0181820898534973,-0.208540506053472,-0.35095353781757,-0.395299898693587,-0.367759857770058,-0.758366888476511,-0.280309719536147,-0.487806614859974,-0.364662139105701,-0.166039994598208,-0.562409112205306,-0.214656700959733,0.0658843494038289,0.172768032337826,0.474377229519356,0.573631479452564,1.016427720411,0.88217255414481,1.04522357206598,1.37276883222151,1.52693370153203,1.66304675169848,1.88253207806587,1.96719925388374,2.38618579358834,2.50882990357029,2.63183409847752,2.71478670053995,2.63794720393681,2.75191265057582,2.7634323770242,2.68761317660313,2.51979716315695,2.54202387287024,2.48840631146641,2.5133206222005,2.60803644421413,2.63647410800892,2.59257725271271,2.42551697553907,2.28463817637311,2.15045654402288,2.01236982078054,2.12229445112675,2.15703230272214,2.04434259238377,2.03319558080331,2.37401943569306,2.17417780847864,2.08598670127533,2.0067588051427,2.03296129003594,2.17644095530578,2.18431503980202,2.1642668814204,2.16458749632278,2.17307384815956,2.16495500755762,2.11904345862565,2.13218186592438,2.32317671636688,2.33398007818606,2.2549030264969,2.23176390417162,1.93075335996848,1.92402170600835,2.06669634830931,2.07682227373446,2.21822588455194,2.22484236891909,2.35414956189055,2.35423076594192,2.20312912323768,2.19983115536881,1.94670646166283,1.94670646166283,1.48180255880389,-0.00530544380474453,-0.112315981953538
"Cdc6",-0.55052696129903,-1.14635483438441,-1.56189141138306,-1.67507183837937,-1.09896148578424,-0.895812176262869,-1.4869630529345,-0.925999418556223,-0.801904887089228,-0.957682897099763,-0.563556251788866,0.101785683057022,-0.0334601818120439,0.411539143120926,0.957778088455755,1.53003199102349,1.74685043963607,2.26550155534053,2.25712678544757,2.33276787844241,2.78287929264307,2.72454005499247,2.95260734710844,3.36116134295631,3.20104240253097,3.46148859579063,3.57394558933244,3.45701251352367,3.49597807326561,3.26155271526429,3.47598149187951,3.30656767375133,3.1143612113887,3.05717792137093,2.98039139404251,2.82124818050685,2.50610487545817,2.32538300636467,2.49718418376824,2.46922034749776,2.22307927333852,2.29181198516021,2.24620810295622,2.25766898510275,2.416816335968,2.39157952732562,2.30944571036954,2.68730437469361,2.65144809658556,2.72142921925027,2.70961484510316,2.53013823343977,2.57355407341549,3.00843817897522,3.04528261068745,3.02727703435982,3.01134325721351,2.91438615741303,2.90269752239401,2.8137849204979,2.80190705569936,2.71117680732122,2.70667677531769,2.66259716393114,2.6524080794097,2.56033006406231,2.56832590771157,2.71234674612099,2.70592696020696,2.34587892368257,2.334404127959,2.31743259661638,2.31834529274594,2.24054537016442,2.23850354041451,2.01991860022964,2.01991860022964,1.77744997990512,0.0029754680310927,-0.635473702846048
"Cdc7",-0.842465671452218,-1.64386554698458,-2.304330374493,-2.89608196159947,-3.01314100405914,-2.03210955387679,-1.83088599298425,-1.67165018033603,-1.54288447878504,-1.51965467490799,-1.23591118685402,-0.798342394720423,-1.14788369277027,-1.01627598365158,-0.875816046125703,-0.740235235633108,-0.581100607115902,-0.456100059151084,-0.283367776290899,-0.563946969113815,-0.0622386439615732,-0.12786185119444,0.0844677387367336,0.0240070183287176,0.29214910686646,0.202021484805543,0.347101217228052,0.375426477638694,0.570786423461528,0.683062125165484,0.503833447747399,0.669962853808116,0.905963994046048,0.74982746323015,0.680360683635552,0.780214032764318,0.678547341614268,0.665469040283155,0.66431870604603,0.405362129152943,0.316818885368075,0.597128136244517,0.593808765286443,0.313219421407174,0.309410524289789,0.287493961683081,0.363542709084635,0.291687742390837,-0.521421601082179,0.0828044600273628,0.205312505645588,0.0421408118186675,0.0413450876284485,0.389435857254591,0.440435987811881,0.517891322942647,0.495550252786651,0.341372036067396,0.355939849130767,0.540993645020394,0.532255918897234,0.295715529767943,0.294463041156226,0.505806988235935,0.516314129772043,0.518107555104522,0.521771991717993,0.61528605490364,0.614970670514671,0.621306325586276,0.63119324564042,0.951920749529874,0.955334375633944,0.814152126394226,0.810358302735892,0.575944107387909,0.575944107387909,0.551630073129269,-0.252752318878337,-1.43040042494099
"Cdh1",-1.09946541333735,-0.863628022960995,-0.585152107600355,-1.19550876258089,-0.686929400177858,-1.27259789310341,-0.538245566165248,-0.254843523461128,-0.576114300951372,-0.83502082116249,-1.08148524331511,-0.688532691738558,-0.975770623333003,-1.08329187432454,-1.25134128632481,-1.10306101650767,-1.86842268446592,-1.36785793146427,-1.08359319956828,-1.82898787359529,-1.7083770799241,-1.52867524405537,-1.17953143181565,-0.888595691256207,-2.26968075673097,-2.0853018990884,-2.50017178930044,-2.30168932019362,-2.21804620266165,-1.60174403436505,-2.44196475048604,-2.56334560406602,-1.90239474060442,-1.50972297788997,-2.55204342349919,-2.57445467091945,-2.9745127230675,-2.69220406271376,-2.30367706745423,-2.5992286870726,-2.59435422835715,-2.30320911576641,-2.592351875446,-3.70682895761556,-2.0750799270273,-3.57276169786279,-3.65665113529983,-2.62516645318787,-2.12042304002474,-2.64578304427922,-3.01275572935249,-5.11220253321977,-4.59429202934688,-2.59965957812291,-2.56923682780478,-3.01187468787442,-2.95591621550583,-2.15578677286155,-2.11712834264575,-2.42927177289366,-2.51770901113184,-3.21056766306275,-3.19832949839096,-2.63543792180551,-2.61708616218256,-2.85173200764293,-2.87924039038104,-3.19550876258089,-3.21140108053087,-3.37294356618815,-3.36780026507419,-3.23000414252716,-3.23595184996894,-3.9661546337954,-3.9787897688243,-4.01397899713165,-4.01397899713165,-1.35198158675326,-0.789015033829847,0.139655186946167
"Cdk1",0.110015206108731,-0.119596204833837,-0.463812971905135,-0.439743170563551,-0.598262851582561,-0.619738595853726,-0.923485091042797,-0.500695827852593,-0.441217540049832,-0.352831479874757,-0.218823358949336,-0.398785799639946,-0.544339890191697,-0.374826949071653,-0.284060731944633,-0.260310201586851,-0.273135309201488,-0.0622582613982836,-0.180258215734846,-0.00138196907024616,0.332647851565906,0.29042163125908,0.516234094739423,0.918184786473199,0.996136697554924,1.29558575064885,1.58416313212228,1.90079317167804,1.98015901179281,1.88240333526937,2.13661712394877,2.18156122313839,2.2543567606498,2.22202866036574,2.3177631968932,2.26829166400849,2.5767914302429,2.72307245706312,2.83187634921969,2.70511239685253,2.8157450151513,2.82252852438702,2.61302575047624,2.58270013167713,2.57193834916874,2.61981955129936,2.58577540580571,2.39811472439158,2.69150014216872,2.56135892876494,2.45705653562214,2.02638540020965,2.02288300753077,2.24103797779604,2.25226580586114,2.12945596972105,2.11000104995681,2.11108497009613,2.12748971081119,2.24166972608057,2.24121332917819,2.1995486092722,2.20782966475478,2.32836887009554,2.3255877523343,2.13000741388328,2.11537535620454,2.10957370570069,2.12365293402477,2.40667585438499,2.41067086237049,2.30013702258334,2.29522259196061,2.147121880818,2.14524756492662,1.98651535969319,1.98651535969319,1.86206251262681,-0.0836941400943991,-0.0332674929707523
"Cdk2",-0.0482744793776037,-0.199862333664657,-0.342619637926706,-0.279465459549447,-0.197317232504664,-0.0128467215325327,0.00379511993726764,-0.0160241064886367,0.116272671905104,0.0584564765405718,0.0401298942448419,-0.0384744954986235,-0.0403518194392753,-0.0835295861027519,0.0998649050408348,0.143457374637212,0.0607211493614011,0.461544105549476,0.291100832025664,0.408892875411918,0.510468944066402,0.721635426951477,0.871118561513328,0.773352228800106,0.921162781926022,1.17827052482662,1.1918657193378,1.27313077916297,1.22305031119149,1.30869055486015,1.26083407593406,1.28614246319,1.23310867530181,1.18959268903424,1.1231500941469,1.09796302721561,1.06914291221894,1.07013336675567,0.984049603555463,0.892197545905806,0.851596039021418,0.809726742079629,0.881424234013414,0.756686334892809,0.772045063236616,0.803200882461698,0.697604742105773,0.624285879070046,0.9278555138887,0.616246179097667,0.449126882589437,0.0769939138990009,0.162552541519179,0.764789988311645,0.804794622056814,0.763676095166812,0.755063721693662,0.79350881381065,0.801671774656743,0.791737350797371,0.777080042516069,0.679570247235299,0.692137284984278,0.842915333610857,0.831948305836891,0.478893036409929,0.46440087463463,0.558094173178372,0.565872720893433,0.639559534736533,0.643205875240411,0.735419848994566,0.735915911429159,0.67297443402747,0.671881343179526,0.671249940153569,0.671249940153569,0.736398252494086,-0.0196472587257989,-0.239407656153394
"Cdk4",0.345108463251333,0.129753252630771,-0.164447263671944,0.0802785560608024,-0.0310213409116722,-0.159164490215219,-0.35628082586856,-0.24603565418187,-0.240124336186521,-0.124873026339108,0.1094739511071,-0.00241817789588488,0.0979207392119614,0.337560343768813,0.337177120687325,0.254861458660114,0.280899041004722,0.379212542586824,0.303667929209517,0.376730399413517,0.433566313174327,0.456484652211011,0.459899308416392,0.574693664132002,0.572512020690895,0.823618047951485,0.763938983966145,0.998670265359724,0.924759479758041,0.735032590467014,0.914512868895852,0.847479523988537,0.779287671572646,0.724935548791154,0.691655723833188,0.623960572395755,0.866277825143803,0.94773154251077,0.976801043336462,0.90207471632592,0.916327052054008,0.826633271147725,0.695090772951389,0.619766160012021,0.65677578645524,0.755093841929244,0.621218022982267,0.567118707384658,1.1602082547472,0.882090722814076,0.72675389804331,0.426891003279027,0.464745957676314,0.754544606546686,0.767669534137507,0.664327271612618,0.650543003673395,0.653275711230129,0.657758539882133,0.687439260730403,0.691562051590972,0.722748351774309,0.723820994065791,0.671603997336103,0.659104052079581,0.464735706627838,0.454148513205748,0.483852032123539,0.497461604295546,0.725372014290281,0.725284838800418,0.496781921809381,0.489760180734692,0.378897179353667,0.378925417969713,0.46035799389222,0.46035799389222,0.453169769835861,-0.00599085407799508,-0.0752954851301072
"Cdkn1a",0.800688191673678,1.41965385830077,1.85627324635689,2.12018762841746,1.99578582578549,1.53016103411518,1.11694663172133,1.04965177152094,0.680032266732035,0.702390721153891,0.713147677183578,0.546220226833262,0.717437607763736,0.798614868869327,0.583618147964403,0.556470121020334,0.479423291794723,0.452688650763947,0.42998626415348,0.475209595559884,0.396875305569232,0.451699531514388,0.433888818363101,0.493143756926416,0.50729151779615,0.731391853482166,0.574520899178813,0.807377795501982,0.781260937960366,0.477097134199078,0.661671182215356,0.727035288088272,0.733353156999876,0.642030762067774,0.666737850248213,0.629271230395718,0.876543042780354,0.87505150349301,1.01053177480504,0.934182003336367,0.917196551971095,0.849315428022278,0.794092538389023,0.766160369760801,0.788524863497229,0.744729506970611,0.695116528459037,0.695468796536111,1.15881812695247,0.809180352450908,0.683785357554453,0.721101918615263,0.745875387964954,0.747575348608074,0.746161318192465,0.737309273564564,0.725610787329536,0.604208857725402,0.593233436133141,0.621212920558607,0.637273954676482,0.773773492715201,0.777746228100296,0.66529564634231,0.643417283624674,0.394182411665208,0.390539751545844,0.686455353876198,0.717970465535248,1.11612988240315,1.11431249152896,0.674762616990406,0.661201450201814,0.451052774023959,0.450787117185554,0.476838655720836,0.476838655720836,0.114280701473314,0.297559807323925,1.08352374188501
"Cdkn1b",-0.530581330723301,-0.843101290520428,-1.17079171425799,-1.64365248779719,-2.39521605289347,-2.10003629051496,-1.94831396758322,-1.91928139016293,-2.10181572858662,-1.99194546194572,-2.05250578903243,-2.07064749699091,-1.86166443177511,-1.97318955481185,-1.8030312504002,-1.62729139125334,-1.67647758726747,-1.65228366137638,-1.37448629219649,-1.72613167623656,-1.65494013816968,-1.65604789579768,-1.56165130071937,-1.73086945775358,-1.61924782030107,-1.78644076677836,-1.3780610961819,-1.51215797202108,-1.30459722640566,-1.17206745563272,-1.17964551986308,-1.27451248579696,-0.991824022440405,-1.10970960406932,-1.04455744384947,-0.979552860928654,-1.07053251548698,-1.03099219948684,-0.982499584596293,-0.958429629710679,-0.767541932208649,-0.683024333749037,-0.791545145889931,-0.830139571596352,-0.793175217238858,-0.992942489787804,-0.804119095008423,-1.06461011011129,-1.98074080104666,-1.04152901361359,-0.861980155194124,-0.924986982478465,-0.967944348339082,-1.00897241231557,-1.00507393127329,-1.00903173801375,-1.01432424992257,-1.0003116617869,-0.981268900008565,-0.830813549702054,-0.830140590820718,-0.925478798751496,-0.929490317850261,-0.876679580079454,-0.871950391765356,-0.574158189200161,-0.521664239517579,0.182211325323673,0.200650993993602,0.115569212810741,0.097581959503433,-0.385658209346658,-0.388201101554273,-0.0280672234545093,-0.022643616370872,0.0129959808612199,0.0129959808612199,0.0253236304997011,-0.197119759270967,-0.396302496642784
"Cdkn2a",0.331399066521305,0.112981540061163,-0.0845954127712331,0.22983049941678,0.0221965347946176,-0.444849058589029,-0.85767914687001,-0.239205871527221,-0.790353276692076,-0.416648424126816,-0.117114000647804,-0.564369257487238,-0.266660224849281,0.0541550223567134,-0.50825883493935,-0.721060949756005,-0.744280883879695,-1.0141982594353,-1.02259585525882,-0.720571399129219,-0.888189236280258,-0.718636108642279,-0.318413139373778,-0.442477836606534,-0.621955366422638,-0.153783542779479,0.258140072362859,-0.279362752132962,-0.219418662505901,-0.506716670130945,-0.379229856292926,-0.323672626353892,0.143759413890182,-0.648593949472448,-0.192634008288782,-0.677715504924575,0.149569213842556,0.208015283993733,0.471485665876768,0.536235475053602,0.226975368372869,0.0282880413518184,-0.453382506419277,-0.0490877445195119,0.101724336403411,-0.110880477215388,0.199436699204541,0.779806772449748,0.297079345147377,0.225972113045421,0.780423450211765,0.779072769149661,0.0852382886817511,-0.0336892880015472,-0.138790396204041,-0.113057691688896,0.149755486715485,0.204950465281718,0.440853967271857,0.413700713958268,-0.0482462074525091,-0.0502376961832776,0.369072992537248,0.393892539995883,0.310617133990163,0.280820444757374,0.00537538054953949,0.0321656337108968,0.689784629468959,0.696641205937051,0.353601017762447,0.340914657076173,0.146865551011924,0.146976871571678,0.279992442447505,0.279992442447505,1.03519860872322,-0.226528179809837,0.307448343424569,-0.00451584401300364
