"Per2",2.91892658668368,3.10362983009145,2.60329398747186,1.25642308195691,0.833977298419969,0.186835585427479,0.252550842830833,-0.472058939737891,-1.09065992959639,-1.18791005706521,-2.76889378060816,-2.29620175605138,-2.63782388762684,-2.9863496318288,-4.05499257405861,-2.48527666216907,-3.57893966355456,-2.95904228583306,-3.3611301710777,-3.86325618087618,-4.08532588774067,-2.56301309736523,-2.54204753804476,-2.20669728721031,-2.71335711035371,-2.40344737062728,-3.23335476011817,-2.2718530665972,-2.05073334335537,-2.65687907685345,-2.53773619760051,-1.37896601509694,-1.76805186037545,-1.45348450355658,-0.840407514177404,-0.722706511112251,-1.08327027821566,-0.906073430736597,-0.788985897382698,-0.715790249229412,-1.26042300331634,-0.299403098817408,-0.225954707531477,0.104308587790524,-0.198210563991604,-0.143538247684328,-0.406971666669279,-0.311053142429194,-1.06009652333347,-0.64205974959139,-0.589303171153632,-1.34259588200999,-1.42642466405473,-0.882156614222234,-0.772664076655309,-0.477606757572161,-0.495932374732683,-0.959300988977893,-1.04309264428702,-1.68851334345234,-1.76949218095949,-2.08815208999512,-2.03223441120825,-1.45890895984779,-1.4678432732846,-1.51773079812317,-1.43420603877464,-0.491383288743763,-0.505602004173165,-2.2760822291899,-2.37307799845615,-1.96318711334488,-1.93404822342829,-1.37723666829909,-1.37291084168943,-1.16232709982359,-1.16232709982359,-0.790431812992753,1.32643275245243,2.75484192874123
"Pmp22",0.162032376976403,-0.0314049924269784,-0.417256644354983,-0.704177803953061,-1.20599067831945,-1.97651367431105,-2.23390775449239,-2.53163246391384,-2.98651821331025,-2.84740914706575,-3.03936783440442,-3.23569764833542,-3.44018120317326,-3.21224138610647,-3.48388717401493,-3.06751722321158,-3.34026492442906,-3.13542015503936,-2.94123728861654,-2.98158577988533,-2.91962788549929,-2.80983717976204,-2.76287509998462,-2.76456448322362,-2.53248747120769,-2.31626864502508,-2.19368418604735,-2.1151514475528,-2.05655741989341,-2.10504613272846,-2.0286834906493,-1.94072449739035,-1.88031667220914,-1.82343334802754,-1.77505652835209,-1.9807083407505,-1.6633560336883,-1.72023764865161,-1.65039107247705,-1.57141658104366,-1.56452503752984,-1.49872245095921,-1.56792588976634,-1.5476519202212,-1.58349851561613,-1.50107811203681,-1.57864263110878,-1.46368398541179,-1.54047229921114,-1.40781370185289,-1.39328654708847,-1.53973703199944,-1.54086411750439,-1.40117196714157,-1.39185925154623,-1.45164630137764,-1.46215687979504,-1.50910522653706,-1.51794456102089,-1.54614763421885,-1.53461359892295,-1.3844193672909,-1.3767643467357,-1.46521724562742,-1.48781642084795,-1.65883255525506,-1.64107487385078,-1.11617096580955,-1.08971908013128,-0.779213742225575,-0.771603219767509,-0.575826425379847,-0.567889521646422,-0.237552866575782,-0.234136630051487,-0.174748601710934,-0.174748601710934,-0.0545226780375865,-0.120892221422329,-0.0770162923583956
"Prkaa1",-0.725855753213373,-0.592058950666887,-0.358654276804322,-0.581540765507518,-0.501232852239161,-0.380803218724324,-0.219357456732566,-0.156343873173854,0.135211902230815,0.0732568704254688,-0.0199642047968012,0.277415677006312,0.101894373020162,-0.0151137733597615,0.167084461997383,0.525164041533723,0.382378735290943,0.420781957348885,0.577560321033211,0.520437016734635,0.544326850816658,0.733445678664988,0.585248074671727,0.545769922431299,0.562620702768547,0.303443044887002,0.468077882951292,0.249257544011188,0.377372689358765,0.684202052103442,0.555683297352966,0.660885300967918,0.678892003551167,0.657996383450262,0.735993456296645,0.770344375071987,0.360909070622952,0.396941555344159,0.397449871639882,0.467221417667334,0.439723966998737,0.566118479992741,0.741036186015648,0.655029000007648,0.71277766264521,0.589250644355758,0.743167311968463,0.835427786053365,-0.481522844358184,0.442208562417207,0.619503812117578,0.380749335472182,0.369338445283727,0.711067810453195,0.734162498940792,0.651986318787417,0.650001418782526,0.748098207555356,0.754745850874817,0.715133900864953,0.707468981133815,0.67152337829061,0.671758772571323,0.734283400272384,0.745707711102915,0.868027211853094,0.869968030554556,0.751211847263597,0.736994756900601,0.511335705858411,0.511687922647424,0.729011595205543,0.734918878032384,0.830722643336782,0.830738035680221,0.739676505042453,0.739676505042453,0.467509031552955,-0.16417779705032,-0.330812347337494
"Prkaa2",-1.14100814712677,-0.787275091742452,-0.392921320206133,-1.28010512557576,-2.13415562641107,-1.67924178851062,-1.78754510765956,-1.64068194197958,-1.17534221020697,-1.25664615275178,-1.85357311820817,-0.337756656784724,-0.597019721702127,-0.945561631541329,-1.33597835684471,0.26602977924991,-0.538019551521657,-0.217693763143125,-0.132568385011232,-0.420346753107652,-0.500243465210249,-0.375312009614929,-1.04180292108805,-0.750818402480481,-0.324570483856826,-0.975549092574442,-1.11454538065639,-1.23098974352062,-0.701774987671994,-0.352911416772172,-0.719246898948341,-0.670687186605543,-0.620277957975594,-0.683946539862139,-0.0219309396042471,-0.736281319648095,-0.929978545597333,-0.536600553629263,-0.880609505888572,-0.613560203993522,-0.634597179518604,-0.629384731151466,0.0779356106105084,-0.662183011190503,0.100144367972188,-0.299709210963687,0.0402073559748677,-1.41700088689509,-2.13467078265325,-0.569479828128156,-0.4367408585842,-1.06731069382348,-1.14071580501374,-0.950919626343918,-1.01540573162209,-1.37166397638142,-1.16608705452869,0.00754813541477561,0.0191697319268282,-0.647650020375765,-0.720334129553671,-0.651330992880125,-0.624629914605253,-0.514251942332331,-0.516133539207951,-0.543994630737697,-0.537971463307671,-0.343600944183132,-0.332199284330284,-0.235218906113318,-0.237750800822054,-0.337361289547146,-0.336100613992659,-0.033813244410316,-0.0275103179815052,0.515984377787516,0.515984377787516,-0.0252306196933428,0.570360499990006,-0.117296165823376
"Prkar2b",-0.298207625785035,-0.50612006670995,-0.743975658629228,-1.02986555727732,-1.25543192184626,-1.3876922190176,-1.3386966898277,-1.15905129802374,-0.554396044492568,-0.400924664309258,-0.346799754074713,0.108826855750734,0.0406905257960888,0.366118475521227,0.649184317455798,0.817809495734196,0.829327346178157,1.08985127144781,1.24157154820801,1.25115483767519,1.349348171047,1.50338281793155,1.61591144888511,1.69875691182622,1.67043239976849,1.6333081033882,1.80994587314784,1.86494029861552,1.91028921183473,2.13721453029532,2.11828563763778,2.1248603506817,2.17765958304489,2.2382793482943,2.22733805566472,2.28497643292626,2.20954544207862,2.1631706504477,2.32946762557542,2.38481673640929,2.35404336918431,2.52424693294011,2.62257117861613,2.61934580958874,2.65434127939052,2.53388038502206,2.61573488162055,2.52715857498631,1.46099474291528,2.55450825191868,2.70409651270786,2.22827685875346,2.18601840396454,2.60645735188965,2.6501916990753,2.60794975884575,2.58748138567758,2.54943077311815,2.56396298512666,2.69259123423491,2.69326522139362,2.6059028383735,2.60132820920928,2.67190185936523,2.68427731972858,2.79226547011816,2.79209402478066,2.70182298910802,2.69672867101063,2.57304637555297,2.56193586931362,2.24262726636469,2.24036790471166,2.44216754329304,2.44529099868644,2.39983637722566,2.39983637722566,0.767462346155627,-0.0161306564480388,-0.349301852060876
"Ptges3",0.115658901556846,0.157252872128289,0.221880387559315,0.454392123098403,0.546346347068234,0.727627205125181,0.48591410650697,0.478177985895763,0.421230086824059,0.547468850953261,1.17689255129901,0.326221668935241,0.634577177706883,0.755890369161079,0.690506772145301,0.596039388687168,0.608493422046209,0.902177226876232,0.613703057619624,0.642699492698525,0.646356607414847,0.56162087430336,0.585584507280851,0.682708991265534,0.896548082960478,1.00843476908387,1.04281457237972,1.33133970370812,1.2586951422179,0.927561332692462,1.23242848602605,1.05707162744532,1.00642072080115,0.872520933269824,0.963254001117712,0.928275641882631,1.14728350054926,1.42224067903901,1.41938402765869,1.05206904771859,1.23704967889376,1.22387832207086,0.907743314209905,0.936563039382194,0.788093389398383,0.724914465827823,0.950172911005517,0.860500676139113,-0.839482192544829,1.14383588791858,1.38578695025829,1.09053913988161,1.00786643530504,1.02423265108047,1.03007121933763,0.896425466006859,0.867207350456508,0.817542425898952,0.84616113007483,1.10304033343822,1.11022896575603,1.03159488050045,1.03073884161026,1.1162038031309,1.11948796934401,1.01258325728188,0.994952472549417,0.750191670552472,0.747795051388286,0.795213746596135,0.789012553166298,0.404820363479603,0.396049379648006,0.372141155334061,0.373960587134991,0.483931861791855,0.483931861791855,0.347532709084396,0.0775711236428631,0.00413136791403666
"Scd1",-0.975665344922619,-1.35522716620792,-1.11026532463526,-1.01074878561519,-0.987927285298085,-0.733323708036712,-1.03973390826724,-0.946139496639263,-0.816593808819674,-1.01617429657125,-1.12617306300511,-1.20424587460674,-1.1227393560937,-1.3134460532496,-1.18264067881942,-1.00041617357822,-1.22732767974041,-1.04240623092262,-1.06534211796531,-1.02534202218197,-0.933930306293118,-0.9111215251684,-0.809341509227293,-0.918663161292122,-0.863227151460723,-1.03174499391401,-1.00223678837184,-1.13764164069748,-1.03201607250069,-0.883342741454031,-0.930061021452772,-0.907544809069914,-0.765737005469522,-0.948174413622932,-0.79410477795038,-0.936132798093167,-0.933599725818188,-1.08449150825441,-1.11163130168422,-0.944816407995473,-1.11043289402122,-0.90959503533313,-0.813858497963426,-0.847826052015684,-1.08584589968034,-0.921034402905902,-0.856100843459837,-0.784359448734272,-1.56481381758721,-1.07946954782163,-1.00500586981423,-1.42304120405411,-1.39470920596651,-0.838615878843534,-0.825506148806968,-1.06134693197594,-1.05122898902035,-0.747071997402239,-0.736087753890057,-0.874382964000199,-0.884443622052516,-0.895471431080916,-0.909456110465381,-1.10354254900771,-1.10163453220817,-0.915127246234988,-0.909076402649867,-1.00845936148733,-1.01859839459856,-1.13043993194221,-1.12920841479542,-1.00507674308836,-1.00204021299834,-0.9167654646961,-0.915114905089559,-0.671224664318184,-0.671224664318184,-0.000912173039096547,0.27411416401503,-0.197188318088537
"Slc27a6",-0.366164484072336,-0.525950031473039,-0.73508620989922,-1.23429823374033,-1.68368280291627,-1.77499881791941,-1.9911831772602,-2.20596513726184,-2.21599181240693,-2.22014333123121,-2.74222818317025,-1.7704096297475,-2.08515381822355,-2.69671506902411,-2.36466886707206,-1.86846029210226,-1.85624336944887,-2.16681234450414,-2.15384925376813,-2.19511357908542,-2.31027338687344,-2.17379907872022,-2.34548131201521,-2.2389524990019,-2.182633092081,-2.74381491297697,-2.85061757629537,-3.02397842157046,-2.77487158491457,-2.18656264695893,-2.49470005342698,-2.88395127742835,-2.82829824121746,-2.20562210806427,-2.44296528024963,-2.70245107845871,-2.54360965390793,-3.2352935315401,-3.13056508044968,-3.02367604109496,-3.13737805200443,-3.65358786147129,-2.64153208724357,-3.11860824798459,-2.89203555097237,-3.17575052421483,-3.11381289393714,-3.04956886696635,-3.62286213011382,-3.12176009118956,-3.09183948243712,-4.14040729106606,-4.26943040013901,-3.68695603485485,-3.60586076587287,-3.48780169407638,-3.48745773903561,-3.35929347051263,-3.31553132157969,-3.07919116220116,-3.09337713571883,-3.5102900756106,-3.5488426504357,-3.4911422340138,-3.45052391257595,-2.92194245518793,-2.89545983186833,-2.84553129635493,-2.86651315248285,-3.50094742804333,-3.51605997547272,-3.30734905848639,-3.29786069772062,-3.06843042566885,-3.06610048643348,-2.9050305500283,-2.9050305500283,-0.0562168097647705,-0.29576022665836,-0.193054876280868
"Soat1",-0.463531183044035,0.0719875092767314,0.716291202187853,1.1475719953616,1.48052398636981,1.87507212709882,2.10918251107033,2.19664209892747,2.42572631157832,2.47650232878115,2.53224437666817,2.5429980271533,2.55687197752474,2.4085524151016,2.34186254378572,2.3901781645085,2.30149856034985,2.05808198881351,2.1331394370431,2.14221265651975,1.9664465437547,1.90129088511675,1.84264277067869,1.70281812399028,1.68940898019141,1.45357853795343,1.34010015040641,1.40379100745911,1.25155419273183,1.32384089015361,1.21051267467874,1.18759225129705,1.09456710609284,1.19886663001865,1.14933736926335,1.05360329066006,0.912404755431031,0.995708417121649,0.876723916235689,0.959438837137186,0.842579243287245,0.94299369300615,0.989183029885108,0.925662916921326,0.890670435265687,0.900917858666038,0.9283373648952,0.9927592826892,0.349701542432825,0.846326862669189,0.946151980712092,0.716906702216744,0.688887309408339,0.873904079720404,0.905049566743749,0.971240598895286,0.972846224325475,0.966810490874557,0.963779462726183,0.927923930861579,0.922701134682035,0.889543208026608,0.889149639896021,0.915674427128374,0.9193531385135,0.889504981495617,0.876548545584434,0.519187527057579,0.494093240113873,0.0692945827129237,0.055743317872768,-0.117210326968227,-0.118065447632186,-0.0997121773502027,-0.0996861595321847,-0.247595884921409,-0.247595884921409,0.528457125664773,0.00127504100409551,-0.0319197520386383
"Tsku",1.18557653709131,1.58814125291889,1.78649890630616,1.93824052579613,1.93637259725919,1.98106010101133,1.91981258202722,1.78965891917524,1.86970393940795,1.96130981774889,1.97153894734223,1.79269963384415,1.69056198328435,1.63002972206502,1.48325904717807,1.23964011278618,1.19461445927872,1.07441827255415,1.00163566159656,0.996556395084991,0.961324851656888,0.920579448927627,0.873999272991739,0.768798152131105,0.713442780664562,0.81272929658299,0.609737798481918,0.588007893512344,0.601436954961917,0.440984422712975,0.554147727097246,0.478876838884192,0.551355773144415,0.65031149576486,0.483621648588612,0.556190042327303,0.527687441600356,0.668183521306953,0.550420891403801,0.650267411736545,0.604270870569518,0.484855016458995,0.481771205522394,0.521176334162312,0.509999447583368,0.5055700666042,0.455095748687738,0.572938227463636,1.01819243536776,0.501842606848853,0.341485700691556,0.534236674420296,0.565869556767564,0.462204943617208,0.450434191537311,0.471864235272519,0.464859738014868,0.374019728288116,0.374888736099437,0.473085964034892,0.482600913204339,0.506256575082324,0.505924118221429,0.425689353144961,0.405657105591688,0.139445680651607,0.135804490818722,0.125386656922788,0.10449139567817,-0.711800302559895,-0.739241896070841,-0.715454449998386,-0.710084461418295,-0.634215962017488,-0.632611436801598,-0.310851234997965,-0.310851234997965,0.255252296383431,0.67274347121173,1.1416823290967
"Phgdh",0.13703712524991,0.023927478858826,-0.130297689821781,0.118022870707468,0.0921374103804937,-0.338099098899495,-0.151719615506032,-0.236326888272386,-0.075384767398724,0.843017080786409,0.582155041471421,0.852381280895467,1.02818165517488,0.998794926889938,0.632982014088337,0.921354182036124,1.13391718698187,0.839181348152566,1.11318676292303,1.11757991606974,1.07406644558811,1.08660462227134,1.17250589082265,1.28712139975133,1.46911008382991,1.49443503872943,1.73297015126154,1.55321381777024,1.19540538086805,1.35462060502856,1.41614373660734,1.31946939031229,1.19700061229184,1.0351418854497,0.961697442280628,1.47881240737361,1.67451463512917,1.85580511350479,1.46468804634168,1.4553617409903,1.31568406794001,1.19124326864514,1.24956120546429,1.19094700014676,1.38708560162365,1.33275107482556,1.29349726578739,1.95640774632619,1.70605860877222,1.59503151558345,1.54848277606343,1.55357796764604,1.45131398403353,1.42630289013291,1.26745328880769,1.23881894167971,1.08349427944277,1.08010466668357,1.14783984236982,1.15391791615539,1.16916922761621,1.17235137871558,1.1456583460859,1.12843036120239,0.810756933162834,0.795300987977888,0.909872629757527,0.933219446129478,1.24392505543336,1.2401934160362,0.816597306043189,0.807096607554438,0.837116831836099,0.839499637650274,0.870741089087355,0.870741089087355,0.166210914095106,0.157357449111978,-0.236712346830177,-0.0258645653449064
"Psat1",-0.0257613908947665,-0.135742756426169,-0.244824869637412,-0.209830974827234,-0.32887638721901,-0.436248777686542,-0.520951505100528,-0.416900801032697,-0.155179356939503,-0.0993461923722117,0.213846538314818,0.340269688162644,0.45871674711518,0.616982349301639,0.838981132430087,0.777439565802784,0.846748429392277,0.931086283194403,0.951880749678619,0.966341562171935,0.998256230997969,1.02001994253139,0.995632665145573,1.03604258061059,1.13850072496202,1.16948771511621,1.07172489852273,1.13702992528672,1.12401812238126,1.00185788477446,1.14618752873072,1.10183378099674,1.06851176870192,1.1095123585438,1.03936357038377,1.08143431644813,1.12488871873424,1.15340687608728,1.29058722008982,1.23881268244239,1.1756889265312,1.15093281576209,1.14791734993728,1.10002393868248,1.1332950359095,1.17574787004747,1.1179903226858,1.14092785292029,1.12556755320506,1.19951062481459,1.19828675199029,1.05640404337285,1.05308343096057,1.17609915447937,1.19335374209991,1.19488112622712,1.18174397148339,1.08761303821477,1.08542410077407,1.15928317720231,1.17219634300253,1.24211807406142,1.24129839409516,1.19423529061822,1.19293991176564,1.19963319013629,1.19689177448956,1.13147960755557,1.13082611403811,1.14981382579277,1.14805061404053,1.02894074430014,1.02570016615622,0.969644986664834,0.969615667075343,1.01608703612304,1.01608703612304,0.831069697843756,-0.00587960410820661,-0.141803902391455
"Psph",0.366254318826219,0.23805587851005,-0.0390582785598184,-0.151824802345472,-0.361444584494188,-0.590246693558855,-0.709570068045937,-0.517895418843998,-0.243389160939934,-0.0106355133319755,0.396600081846147,0.288040340530166,0.635039653647303,0.78488540120681,0.868020064948585,0.62413006018154,0.750312799589051,0.770257601627328,0.673800587155869,0.782198706494933,0.761848627016481,0.668202744666326,0.567634874028333,0.718528176733509,0.732265854229717,0.853490415882687,0.635263239060833,0.722226053975742,0.686723888418233,0.444176005469892,0.764610615080726,0.593267306622909,0.520687069633306,0.575268367530662,0.349901350810015,0.564048505603482,0.664645734591543,0.684852981081399,0.969946587557725,0.762323283990513,0.918819188901332,0.783501415463741,0.613876695885308,0.350656626961252,0.522475645348325,0.603504922514578,0.501797930890157,0.148351291140228,1.05161106508458,0.702894689825714,0.582593399713827,0.814774640783909,0.833599970179696,0.631613789786286,0.607133412586835,0.592287000360809,0.578109674261961,0.469198509921588,0.483396529027321,0.678627530727049,0.682017250829029,0.608430977931275,0.614763046064197,0.758866817866261,0.759159845068632,0.540312853262748,0.514962063294789,0.29839672029118,0.308247516726152,0.638910237659173,0.643944649951841,0.533349833312387,0.530367266225998,0.607523083007766,0.610307771297899,0.896721080405237,0.896721080405237,0.237948809307929,0.0162277769804788,-0.152808758380057
"Shmt2",0.219426934018782,-0.00976570800314504,-0.277262499517439,-0.0624983133592004,-0.0947189157627695,0.0271383471921299,-0.135466840958376,-0.0362464254824058,0.155120951298826,0.216367473086275,0.476521631190685,0.462841386984366,0.737290511985728,0.901572045598619,0.947556890249007,0.750376014092056,0.811964765892894,0.873908441936064,0.891735679332438,0.883645881331036,0.921544446241632,1.00199955638055,0.917072857703263,1.05189842989623,1.08219584895783,1.30421934364858,1.22057567878653,1.46487779443046,1.34421982984659,1.07654965348459,1.22244843066423,1.17488011909011,1.22463602764436,1.18213069576058,1.06696152112148,1.11648520332375,1.28986544514762,1.3716069182595,1.40222178824324,1.43737442700832,1.39862355360462,1.27389315592561,1.21659070445906,1.20239298825763,1.23315536871373,1.23933220115457,1.21645006800045,1.10160696299208,1.82011204715227,1.28930914649389,1.10868485660013,1.36287456634635,1.40157197449576,1.27556029374933,1.2552640928245,1.24566840424985,1.23948983148373,1.16077552639613,1.15833191116885,1.19806345487931,1.20066691365609,1.19596681058424,1.19720515092752,1.18957006275285,1.18120663929012,1.0165418542206,1.00701464456456,1.00787530800363,1.01611276896739,1.13691881036711,1.13397496942511,0.879445608593527,0.872523397565092,0.767847943507287,0.76775862278208,0.791909626055414,0.791909626055414,0.91706066091522,0.0896735627393534,-0.0810855667157252
"Srr",-0.152512138699004,0.124526213690684,0.503340234032379,0.773894268349439,0.759093648022441,0.743327838903648,0.61307578129114,0.513654965615389,0.419290223038232,0.509452899766279,0.813085015746174,0.314893930266937,0.438529983598118,0.503008546578322,0.537276357773083,0.28573407897138,0.395611527170362,0.346650300945271,0.296853422916923,0.306845007878686,0.365590069115426,0.298690753694877,0.291787439073138,0.269876927299872,0.384684386816054,0.365493024193473,0.187580137775089,0.347561673376814,0.292333145820577,0.215892997977785,0.24660370148697,0.283865374007143,0.086557580540858,0.0339015762907922,0.0722001869291447,-0.163627288131242,0.123418341508752,0.294367106660565,0.181718882161685,0.238572166193046,0.289841474982925,0.346322254705746,0.174091844873744,0.139659054466434,0.217782987241473,0.234115279198095,0.268912627706477,0.198989472261567,0.0983902173213807,0.313893284787532,0.345063488109895,0.233033157693895,0.238919867236371,0.400740811343582,0.405704155230552,0.314462064738265,0.308505399752316,0.337749352811522,0.336373267117798,0.297390705857832,0.299854340923962,0.371317341365527,0.376111009521572,0.3414399559824,0.330915817816815,0.11770947455058,0.0971550284113021,-0.164920765922252,-0.170493712391271,-0.169025196202774,-0.17250258118562,-0.371560563011389,-0.375603780386031,-0.35748542805422,-0.35584076460404,-0.203319390113784,-0.203319390113784,-0.143387180745044,0.023436847650495,0.133877507371977
"Cox10",-0.164474435123397,-0.537439761497169,-1.04321876945593,-1.19416158250271,-0.333098743431898,0.173430554122726,0.0107338185266177,0.048907587751035,0.201262521230316,0.166345575504868,-0.0759222761364181,0.264320540962484,0.434629324581654,0.530267859864519,0.516657428345866,0.316192508893098,0.509985491264972,0.77552145947053,0.523814712612829,0.573090444051861,0.607545902887678,0.659591491643296,0.73161447608173,0.740795616157288,0.769441587017876,0.941043411809444,0.988107649590447,0.990289041583056,1.0964575179918,0.911049218964905,0.924355005685249,1.03748045606008,1.07808286757073,1.06192753168152,0.955687555571247,0.913863063160745,1.19303103888463,1.08232581535408,1.15106859729343,1.20941746245748,1.14864281460237,1.10663175103797,1.05513961334581,1.13582047644356,1.11373238783011,1.11903601742915,1.14145038688134,1.21686615297219,1.56304792967316,1.16077358537753,1.063053754673,1.32480974254405,1.34582531140106,1.16724078479527,1.14446735962631,1.17707448735291,1.18666645571313,1.17500919389026,1.16123563979056,1.05516452067959,1.05569033491801,1.10898118633589,1.10460988040064,0.958726455599682,0.947249620432283,0.938156086886515,0.946790763404929,1.09449967346713,1.09855937772116,1.09967310760838,1.09991116754815,1.09764707365343,1.09520162472351,0.920235754551382,0.918033255760045,0.937210379197843,0.937210379197843,0.0774412601889379,0.207528820324266,-0.323801961357419
"Ddhd2",-0.217002733294244,-0.555160326938153,-1.01330417436542,-1.53302267861853,-1.6500710186128,-1.76979762221361,-1.67371125980049,-1.61343600251407,-1.15582195623511,-1.13299828009701,-0.969492202533993,-0.635818013248549,-0.533271470227607,-0.636561346192835,-0.513560502487603,-0.320266836415356,-0.340884276142384,-0.589894266353471,-0.37712187747783,-0.374149108042959,-0.429216896263593,-0.459032726484311,-0.506167288746809,-0.529778747039379,-0.572538981272151,-0.67480868499239,-0.495921466721253,-0.850674877231694,-0.780636436550605,-0.538705817201306,-0.779514541648078,-0.790005231300585,-0.642365694179399,-0.621055259476922,-0.633197542282681,-0.281019193360015,-0.814930942766345,-0.736995290843085,-0.833900826296179,-0.777605569136071,-0.705804012556905,-0.681345656051765,-0.725961141330075,-0.472809934910303,-0.67183759078407,-0.684080252802658,-0.556621651695365,-0.83616482250364,-0.881061119929576,-0.732630712148522,-0.723976507694627,-0.884663817179786,-0.893185794743253,-0.772593150824321,-0.753557816679385,-0.724932618072302,-0.729710560761732,-0.740923762314042,-0.730866572688314,-0.651307698565742,-0.655571049206352,-0.81109760791925,-0.829539485398868,-0.877875193443908,-0.86381835508207,-0.62152648959659,-0.610427392548913,-0.540664293883789,-0.536296189218692,-0.420994787140177,-0.416822954156448,-0.328050705953849,-0.325027520267959,-0.205466183752852,-0.204385724015933,-0.229222578600325,-0.229222578600325,-0.176876606848132,-0.293951040631668,-0.246530617937448
"Ggnbp1",0.621823497393363,0.457945326623854,0.0398897771384508,0.00949502073099745,-0.455982159600909,-1.34654379300567,-1.1551665519084,-1.00313248638188,-2.80441426043114,-1.93729432760934,-1.89771798027054,-1.85802155795093,-1.05217986432505,-1.06298661928163,-1.6312904171686,-2.07387493542437,-1.97106412984059,-3.67295854439018,-2.07504642963481,-1.79956486076975,-3.06259926660354,-2.49935922213833,-1.55548149734503,-2.50566379899254,-1.88670498754812,-2.01049152788978,-1.94727101867528,-1.20816174649076,-1.98696326707123,-2.10784085506589,-0.737112398360736,-2.01049152788978,-1.86054448784056,-1.20923318734275,-1.84713955942898,-1.19144361119365,-2.68483264467847,-0.586817967807632,-0.876371002268503,-1.95336212810713,-1.73333116236966,-1.54164974423257,-2.84680602687845,-2.00192509354535,-1.54773564750077,-1.95246476225069,-1.68871286539582,-1.97908317294732,-1.30448786356578,-1.84780685594452,-2.08804695422618,-2.14385446497729,-2.08459535264999,-1.78367651852481,-1.71284739342433,-1.51345111101664,-1.56918508466417,-2.41041694643167,-2.48629052146536,-2.46107822650649,-2.48011369643175,-2.46516808053079,-2.35625798996111,-1.54191968436637,-1.56574164517504,-2.3691179221685,-2.32264726549408,-1.32072331969447,-1.33553745653146,-2.98972229457284,-3.01641545031969,-1.52514475186255,-1.50267735606717,-1.41313040289539,-1.41511266194276,-1.23879520384618,-1.23879520384618,-1.56848438683496,0.793467589770841,0.324081608580695
"Lpin1",0.0590614461974184,0.140968260425575,0.00572648627380895,-0.84541642050318,-1.63229641003094,-1.40794764670859,-1.21671273976477,-1.36942849742565,-1.58483663889682,-1.78976565263327,-2.57013128386636,-1.47595151239659,-2.04557649688066,-2.02867367611754,-2.08408098005132,-1.90726069268427,-2.01448680503615,-2.17528177332427,-1.8232375238618,-1.97270498904396,-2.33915349601293,-2.14416230622181,-1.70390522545279,-1.68850415056712,-1.9602303991506,-2.32017205773185,-2.19078272649176,-2.674004580872,-1.96749741016107,-2.21993032324847,-2.45446088470508,-2.73927164534851,-2.25590180183531,-2.21409399338791,-1.80705622824339,-1.80936012096912,-2.40210779373754,-2.66407810818153,-2.63170343400717,-2.45562036335907,-2.35117709019595,-2.3574588658863,-2.63451442737725,-2.00309966092315,-2.41492058753857,-2.15540776009859,-2.74452565307849,-2.27507411111016,-2.67728570102183,-2.46565278377081,-2.47816003620192,-3.17687447859528,-3.11036053356279,-2.2495672360452,-2.21586140564842,-2.37229310701494,-2.34368689181547,-2.0686654739051,-2.10324808137631,-2.4941885638104,-2.42637048452659,-1.56159545459341,-1.52891308785668,-2.15990060120244,-2.34908235877612,-3.08651663016203,-2.64128806298561,0.126666876116423,0.163847867344477,0.129121178592903,0.125892079640902,0.220082527771263,0.217517564412778,-0.0819051942357773,-0.0836307966138645,0.510371149873866,0.510371149873866,-0.381065462467366,0.180432832890449,0.846911363950607
"Mtfp1",0.80673324192922,0.233047783014116,-1.29919292498782,-0.823762240134014,-0.192315454866039,-0.637757914958826,0.055947656104922,-0.483785590623236,-1.17840220646455,-0.588670194358093,-0.686673274000271,-0.968732199750968,-0.381530792600429,0.0414199273799808,0.290428396974078,-0.125574791052891,0.503399749808496,0.653758867032442,-0.448791477268645,1.14856977308621,0.781136251755041,0.711858230948995,0.478810798945962,0.705619468973148,0.783944084176497,1.03724213530275,0.737834716677715,0.665986896509184,0.861546280498876,0.392974039292802,0.737190972505288,1.2403350572069,0.276760982386907,0.162494067287204,0.364077893658347,0.189663552793037,1.24894115656386,1.20938519407377,0.919837317824366,0.3454448870177,1.02537408602016,0.554062375027363,0.303010881544732,0.694719186712211,0.499988494411538,0.443019366051729,0.470158928693053,0.691466208917124,1.12907293876353,0.611320545983063,0.619544570909242,1.45954382437594,1.43912943586115,0.427540934562516,0.314414633200168,0.697766342070683,0.738051463060973,0.675493649019962,0.671653559697037,0.688472305431282,0.666440915644522,0.483194140572824,0.512159351001442,0.942185929121299,0.948676678992133,0.607592013508282,0.571504531342314,0.44294041160974,0.472779580305383,1.02858704065288,1.0309533997517,0.612163405816709,0.599435307273802,0.461143026883088,0.461200419006472,0.33501664015969,0.33501664015969,0.93815839585755,-0.897378383349454,-0.190047435820786
"Mtfr2",-0.0774385996817161,0.264529864693635,0.586255765927733,0.541397577203178,-0.262579102059305,0.302793076760999,-0.0534323035553482,-0.447145570648535,-0.531452275874897,-0.548160173125363,-0.841907741479185,-0.468769870440858,-1.06092262084652,-0.6444607733709,-0.663293932612266,-0.50684015800522,-0.634058301281811,-0.309588296221785,-0.483065144903478,-0.480702999637445,-0.158472345127957,0.104965374857044,0.402788081948934,-0.279798173108012,0.443476538286414,1.17353697781297,1.09041529522222,1.53701044147977,1.57977056126928,1.71371115261687,1.6392874003727,1.83205777207877,2.01610810022163,1.98223990390987,1.93452360684091,1.77847831208615,2.01617243014565,1.93445553110463,2.17541999062633,1.86947500791968,1.90475380826389,2.0192996914582,2.06461485868311,1.89291464570592,2.09572138249302,2.02322059791681,2.1290593389239,2.03324670031016,1.28741747417552,1.670767434711,1.73103090739251,1.25174692369381,1.22142084624262,1.60847113731326,1.65275746818657,1.73438716643949,1.754648736846,1.93109313365728,1.94171256287559,1.92368187603008,1.92002113033288,1.93074053691972,1.93522610341,1.93675697786569,1.92723328621743,1.75194101795974,1.74410788283721,1.81576564899717,1.82913177397643,2.08381139254958,2.09002302620132,2.112155659982,2.11070680295625,2.06571338380144,2.06577088021312,2.19758070387299,2.19758070387299,1.39952036811502,0.147229301734054,-0.153568182221952
"Ppp2r2b",1.009402470574,0.971918357727102,0.393416449905243,-0.34696700743644,-0.72216347915537,-1.24076633845488,-1.60198370416602,-0.854316665094075,-2.65586456616767,-3.94038647283601,-2.01195979344129,-2.44619455945409,-2.73346227021969,-2.55162394723388,-2.18712172590946,-3.34011984204016,-4.55887368631326,-1.43666833039842,-2.51106984888324,-2.1913406494694,-1.74362349514586,-1.89108735388725,-3.52254087906032,-2.3570028450942,-2.56798739344276,-3.08432485148024,-4.38290470853696,-3.05936915382771,-2.42327100126185,-2.22212263264171,-3.32536267123002,-3.1244345226997,-2.27879248790141,0,-2.43531256093214,-3.45800616377768,-3.27300564618163,-2.50514951743438,-2.60221773694144,-3.21960703472293,-3.37808769223919,-2.18659522689229,-4.11305093349424,-5.59009809504851,-3.03641815214409,-4.67814128750379,0,-4.24569364273266,-3.74065777162389,-3.11438552659672,-3.1557243885771,-4.41050916993156,-4.15486152735774,-2.63488392586176,-2.63707874080559,-3.48020190989188,-3.47310848867385,-2.9394991155302,-3.02644197224657,0,-7.17640616249581,-4.31688753580245,-3.98499833647173,-2.80816459098217,-2.85781773654533,0,-7.27643862879219,-3.49403252549385,-3.23461745234539,-1.25633547050548,-1.24922657683834,-1.94334827851779,-1.95669807711085,-1.357397833472,-1.34560603883069,-0.727450765717659,-0.727450765717659,-0.48677652793375,0.374238201158115,0.527675182168524
"Slc25a46",-0.523196649234599,-0.512585257881583,-0.37441198270941,-0.48507284324308,-0.284703306994011,-0.0964607740584388,0.0460025466411836,0.135177384801761,0.289698468221436,0.134208007717513,0.273433889624777,0.153789621254082,0.257326813546706,0.0946240714025266,0.0869490301112807,0.217564972663165,0.221572950368609,0.181118432015077,0.181999760167457,0.0423272438616894,0.0701174783925911,0.117904284373688,0.070405136164424,0.0196155911527061,0.0924584896137732,-0.343137922658544,-0.0310202780098174,-0.0526398763866865,-0.110847383291509,0.0962976978962731,-0.0798684006662458,-0.0594102212157904,-0.0359537058101849,-0.0407758424279387,0.0127705113426656,0.00665887565023245,-0.184780124046791,-0.0981736589037579,-0.170525558740036,-0.134035494795827,-0.0981043860813863,-0.142789329304644,-0.0923765278285365,-0.0856204751939583,-0.183565525605918,-0.28895795649416,-0.136446862295797,-0.0978658051499726,-1.90248755948189,-0.272729193338113,-0.0450585998600145,-0.406277383447701,-0.458689393511956,-0.137037155509526,-0.0982255334351733,-0.0972374743057643,-0.102368646379267,-0.0937494481993449,-0.0938136025921106,-0.0982198426333093,-0.0943146886956391,-0.0105961193611333,0.000921852414493324,0.0486260151537593,0.0401891572007956,-0.119133177413683,-0.122228941443987,-0.0707366856435905,-0.0723339248418442,-0.20282766924929,-0.206746324198727,-0.126181796861567,-0.119392580411359,0.171385992535264,0.174410021556323,0.203884754640179,0.203884754640179,0.0159719266807321,-0.131889562704202,-0.308028883551298
"Drp2",-0.771459975239866,-0.692564197723838,-0.515742701228063,-0.807710564290338,-0.68025702562705,-1.51344678136476,-1.14383875203547,-1.5935222051459,-1.71689068379048,-1.9429007507566,-1.87160869560774,-2.04798690038488,-2.79460984215422,-2.29075303268671,-1.83318791630757,-2.66418472269054,-1.9197912087578,-2.1929961008829,-1.8718791164222,-1.95710406200916,-1.95681718687581,-1.60432183447267,-1.82852208000882,-1.61062624733685,-2.62913496537729,-2.23829852553074,-1.85969303923681,-1.72822990453914,-1.62639480303238,-1.96119824301137,-1.34199904759376,-1.42027475220438,-1.80936059748289,-1.57970737982905,-0.941835795337393,-1.51888902588212,-1.8745861160735,-1.85007102747394,-1.66318978073532,-1.95875470195744,-2.06072364091998,-1.52514916716099,-1.51118083672003,-1.89635816481957,-2.09748666579759,-2.15449083401128,-2.17946062083418,-2.13667249415328,-1.89498344934951,-2.0877953871698,-2.16167695419001,-2.30145852859815,-2.3331587752042,-2.37410340290892,-2.3033553589973,-1.84084358956696,-1.8250860565993,-2.07458501870986,-2.12915531600743,-2.28624065868128,-2.24507486139613,-1.98505937098791,-2.02852352717599,-2.86944715192647,-2.84913362328922,-1.84854010454358,-1.81014122311466,-1.69710925301287,-1.69456305221774,-1.31739096629733,-1.28697560850328,-0.650839560001922,-0.64396209599206,-0.740461155270028,-0.744085648538852,-0.914106012969738,-0.914106012969738,-0.711466043432222,-0.228560283099275,-0.344309157007806
"Adck1",0.595766380184815,0.3305078763075,-0.788968148087959,-0.964907761154135,-1.18802478348465,-0.405731851361498,-0.542370320400611,-0.171228249083681,-0.229755802967625,-0.30115601557938,-0.283652831657548,0.220847967667471,0.32929433275112,0.133740950876876,0.107934915543059,0.119674985496496,0.0418352858257571,0.0635723273623978,0.000517630647361286,0.0996288236644375,0.047685472369616,0.212352220337595,0.243915809816411,0.331605386698284,0.365943603080995,0.33271385020032,0.488878162095069,0.548935737445363,0.0424660584956997,0.450474701183691,0.300970806209342,0.240897755769394,0.14797928472776,0.165447825104261,-0.212241372800639,0.319218916456371,0.217854615023422,0.359029920480025,0.0223223348610243,0.296309019377747,0.0837370398615654,0.0878704786473498,-0.0300094763366606,0.0628405750957013,-0.0661535594012463,-0.0223678130284543,-0.0828011271716707,0.338076089407638,0.0290087987129876,-0.157709563319685,-0.667834378814659,-0.583345953189423,0.0109087838446837,0.0230401724666896,-0.279250338782992,-0.306674643357812,-0.170350933657924,-0.142674178298843,-0.0488318576644344,-0.0539636694972759,-0.134331642203423,-0.13280981774075,-0.104458858874376,-0.116528368284973,-0.368118227879331,-0.375580265642125,-0.354763355728327,-0.361329253870856,-0.524280267473754,-0.517702106868937,-0.12348421419742,-0.115924891765951,-0.0372081042864203,-0.0371216046564872,0.052513942686126,0.052513942686126,0.00170803282301507,-0.107942004196359,-0.227542504156068,-0.272409587799251
