"Cdkn2b",0.731471113724729,0.636979707337909,0.381028224855799,0.2826947199052,0.222696700820099,-0.0215875165131364,-0.0101815460226506,-0.0316781891503766,-0.258473971561053,0.00233661843863613,-0.403188871338682,-0.418240664332665,-0.344689755448199,-0.450231964550915,-0.881835017822917,-0.594968344821187,-0.782436273171465,-0.65736010105629,-0.783610299894202,-0.680212005888822,-0.811949410991744,-0.847654243313604,-0.586262548800611,-0.648278921019023,-0.495986073638819,-0.543238904401631,-0.747372699395292,-0.65985945653947,-0.724189166446847,-0.681539566462165,-0.559473187262046,-0.622054586350631,-0.439364407566331,-0.615584284055215,-0.356717458569771,-0.308816153690851,-0.172241935395894,-0.0302733656944904,-0.352295870791201,-0.0562916866294722,-0.0517444236320553,-0.155183059382635,-0.322942761527406,-0.0171165442028284,-0.182247502003577,-0.174097643035319,-0.0886798101407632,0.23582579236606,0.117200124464215,0.086636187191979,0.201950172072473,0.207552569426852,0.101916663257764,0.0879329117538913,0.00724729811029654,-0.0255741534845299,-0.24217474931523,-0.231352979473728,0.0382078163408719,0.0577791655105687,0.0629194735631766,0.0574814578127465,-0.0282430474047157,-0.0425571102149505,-0.158510139499609,-0.149315266987369,0.161455273265802,0.177679104079828,0.387472802155374,0.394863469728737,0.587791286526669,0.593252977088542,0.813838018072791,0.817066730318324,1.08995544639457,1.08995544639457,0.542684639839713,-0.129494926925107,-0.122479370759357,-0.428952082927051
"Cdkn2c",-0.273750534861651,-0.495846202049049,-0.809256970648791,-1.16746724337866,-1.83371808682863,-2.44914730148797,-2.50299545412097,-1.88705631210778,-2.36031840589263,-2.68962603114559,-2.32805919962528,-2.025306572438,-2.11322172727936,-2.42603684928462,-2.06151647427694,-2.35192225697464,-1.63557014344364,-1.31887514670605,-1.90253652447443,-1.94032831279559,-1.54150122719286,-1.21685834601355,-0.811750930437724,-0.820351886378941,-0.712050200549799,-0.357259604203443,0.0770180540193635,0.0118490964095256,0.103933762168827,0.0200491814920065,0.0755496287805727,0.396913886457671,0.237044931211964,0.422834594775057,0.164502638486373,0.301105462946314,0.592866999038012,0.531029354710041,0.715102457221804,0.474483603330739,0.827171430606964,0.631421381096568,0.597482509667059,0.591695591300669,0.572267331342104,0.455407574661698,0.494515892046635,0.0931051039431896,0.700180786251345,0.49453217170338,0.368487784491038,0.126222609542603,0.130976638380187,0.191054471407463,0.18614475795714,0.0655464196739262,0.0463404076557747,0.0230769690288022,0.0396091507425607,0.176932012792412,0.177984974398811,0.182783506942102,0.20474120759432,0.365605226295846,0.342805631984195,-0.136441991933328,-0.131651297699312,0.54504035345227,0.583317625763264,0.983495466236426,0.98763522125852,0.919152889751835,0.916843200765382,0.881590247572665,0.880718070936354,0.652899540392799,0.652899540392799,0.990311616137687,-0.136638182560827,-0.837442987900555
"Cdkn2d",-0.145695000066955,-1.00129308518192,-2.83897761730074,-1.55528374090085,0,-1.36949233399952,-2.76331334736866,0,-2.91103255442954,0,-2.58832693592277,-1.70063360704821,-1.57286381853497,-1.39102549554916,-2.61183688106612,-2.17952139035544,-0.813312733907388,-1.1936424986001,-1.18069288456589,-0.58328322081346,0,-0.282972738968385,-2.7774229467841,-0.0263477532024568,-0.407388941758044,-0.016639665917252,-0.0529174736063595,-2.31445097044155,-0.0926097220023111,0.00901928925421481,0.590209139436171,-0.37920974530196,0.88194624236195,1.35256883708295,1.39771123272408,0.287766560377698,1.28001668059999,1.52055796933719,1.72846174225409,1.22644887445871,0.630507666000485,1.69659685645826,1.13501035944082,1.40339037080095,1.03119738631936,0.767707560360498,0.890338093697026,1.30753557726129,1.81218449407196,0.801471271414863,0.395706933733633,0.6573077253442,0.710196020767453,0.333001042909552,0.259650116733692,0.0728368569470687,0.0409131641105859,-0.193938163124319,-0.192199699961139,0.0179825428004202,0.0375968777826475,0.599281108247,0.722648154635258,1.52226887087509,1.5117253834645,0.595522308051153,0.529434128531117,0.836635682064742,0.896220410435225,1.65927325022709,1.66625945871475,1.43967436038232,1.43339618376317,1.48128486834922,1.48356006693687,1.60311523286245,1.60311523286245,1.25878442447213,-0.244926022246338,0.0866586830518192
"Chek1",-0.477626250822988,-0.306301007313778,-0.177012399325772,-0.646850964426177,-1.11753247175835,-0.882964209760601,-1.09281648755916,-0.77604622635531,-0.852603126389435,-0.708390132492096,-0.810935913234346,-1.40864238899868,-0.695877342536367,-0.720351712527245,-0.7668076735427,-0.150304909407309,-0.417083949196412,-0.00968065292427776,0.135277132814257,-0.110704079300941,0.214928404967731,0.0930718184700484,0.415868095996536,0.488180086523618,0.657295875689455,0.585850210856757,0.956701870843964,0.872261938835484,1.03841972946873,1.18305005693719,1.12289970192532,1.05047090260402,1.01302340851514,1.01489894864164,1.23073988578415,1.12421677183904,0.950600819074126,0.91101513527609,0.984028446086149,1.05588561977432,0.906468873787025,1.06115874677076,1.10873323051329,0.995974726722314,1.15329545328208,1.1871656756015,1.11004374021239,1.11415335953204,-0.381134700108924,1.01101979223219,1.1863493295011,0.639377396098224,0.636314311167269,1.33713609074445,1.38831318141695,1.3123918847987,1.30170775689623,1.33287040691386,1.32713531082133,1.21481932061995,1.20985459344612,1.25333162497225,1.25678210079586,1.29974094437685,1.31130057568552,1.47260567333864,1.47760324071503,1.38502307678072,1.37109404629017,1.10331721466646,1.09932640009735,1.19739214627567,1.20075500827985,1.25877812232496,1.25928485240394,1.32613679351899,1.32613679351899,0.918726120498624,-0.151450860623923,-0.232031768440188
"Crebbp",-0.419366635555797,-0.586285770743659,-0.652048771637315,-1.31654519076394,-1.29122389399942,-0.949547995290095,-0.54610298012964,-0.870933563249704,-0.679810317864213,-0.982197701416619,-2.03264952393819,-0.514432509690951,-0.872069980536722,-1.60485307601173,-1.20147894980254,-1.06660023731992,-0.74381987416842,-1.05285267300638,-0.371087306985582,-0.582314125704079,-0.723177222630965,-0.688940679274889,-0.503461905877927,-0.416044463185981,-0.88667547237898,-1.55239597580474,-1.10309491387386,-2.39237131683595,-1.64241230476635,-0.648344508436933,-1.53451402421544,-1.19463017706106,-0.899350236261121,-0.718840931432397,-0.731076190196139,-0.212969143662283,-1.23735580477662,-1.99732609575364,-2.08225831593579,-1.39942870733156,-1.65614253756225,-1.30754572450147,-0.670789724800748,-0.517504642659951,-0.730366782835896,-0.466344638500513,-0.889786347955895,-0.415674003937713,-0.764743557604809,-1.227756977117,-1.26244690308335,-0.951334369932416,-0.924338889284851,-0.99690310571228,-1.00116778166222,-0.867983060849073,-0.835987773830488,-0.706285238984611,-0.713371410726085,-0.904258632477398,-0.92720210754225,-1.04285875633867,-1.04938131997114,-0.891459524988188,-0.846438005422979,-0.171554130459732,-0.127765743620397,0.0985252970769611,0.0750249100042733,-0.632964425909412,-0.626224132148194,0.205333001006639,0.217530270995173,0.127799608468044,0.123112773990853,-0.111569027733606,-0.111569027733606,-0.450075950897635,0.533798642902909,0.00500627424661418
"Dbf4",-0.218799171168546,-0.061770383937599,0.0232414129841317,-0.300375575917125,-0.266280812074913,-0.24981559790875,-0.256857767316981,-0.326099232723237,-0.372339111429142,-0.207227185658765,-0.0728723424340965,-0.331657554477363,-0.544577261119248,-0.400910051862877,-0.252363934265576,-0.176431958473184,-0.253669987682014,-0.093580714072634,-0.121141580186832,0.028695825977029,0.200049112639064,0.071985460807195,0.363749980964918,0.50862292653414,0.566401063430511,0.696132691875361,0.843524270548702,0.999433488565921,1.01129975368664,1.25499803861473,1.30640657770774,1.3002773136798,1.40938719805393,1.43111132617246,1.45651713681324,1.56441884118658,1.6362115800632,1.65975766557238,1.67361787400902,1.78932114403488,1.74545407485636,1.87753062409501,1.76420440640986,1.89534738205162,1.91887020166284,1.88667635411918,1.90808644763361,1.844105400059,1.26277766093836,1.7394841058318,1.84797930336076,1.73635439716237,1.7022263141268,1.67337534990654,1.66731014837697,1.55785373749987,1.53732900350335,1.47419566838653,1.4844619961882,1.61510214533086,1.6225202704574,1.62411732346112,1.62660600586993,1.68610888041094,1.6897723747201,1.71375034232911,1.71658442056332,1.78729606718437,1.79202965744356,1.87812201991242,1.88154605695192,1.94296926849634,1.94355524229157,1.91834157372992,1.91749728833445,1.82441992990752,1.82441992990752,1.47025383765974,0.000566608935420145,-0.118242764748787
"E2f1",0.251999113867932,0.077201277569842,-0.294597162374949,-0.671979548226273,-0.968506247291543,-1.31512307578468,-1.68883084879381,-1.49362413524446,-1.36218735958836,-1.23203907338556,-0.81802184710946,-1.10205142459072,-0.682505672918828,-0.493769848897686,-0.0677029877666549,-0.248851592822684,0.00754597568558664,0.165034620954204,0.251186960848108,0.462317959127549,0.712218871111944,0.622176621077559,0.856792120219129,1.06801737258107,1.06574716177974,1.29091710358739,1.34432105589334,1.40793687027283,1.48224288184259,1.26877358601862,1.3671703748684,1.23274782238043,1.15480125592998,1.01429330235781,1.06775552486844,0.886467462737117,0.906816653539049,1.03792866980839,0.913936075564975,0.821300689049725,0.850515122590354,0.562814532350607,0.4677387084458,0.520622516835141,0.6286894408334,0.645043992764784,0.550609487093944,0.667084249318107,1.29499545456876,0.964609084240754,0.921823424622976,1.42177422377369,1.44043825980987,1.09290438581625,1.03964592388028,0.994782518959505,0.997409373536231,0.939073868620868,0.922763915194451,0.829524841765071,0.832805491015367,0.881979692633668,0.872506877578604,0.629553466854074,0.608183702742045,0.498508485068286,0.501263582765457,0.589747170954508,0.592038129534759,0.599217192172343,0.601750226976616,0.624055025906421,0.619037618416924,0.244312929403927,0.240079929050666,0.489733070922377,0.489733070922377,0.486685788900872,0.0495898412910212,-0.109677508453979
"E2f4",0.271622841445879,0.107340857001757,0.00334575513967215,0.436533387390705,0.910155929261212,1.27298648807639,1.19019463302214,1.28684045463286,1.26865654518216,1.34095529507235,1.2156518431978,1.16380361261388,1.3435146155264,1.29416608633202,1.08787009769878,0.899979740972107,1.02945144420005,0.95558919601441,0.989080259037693,1.00994392476352,0.89254624134475,1.00551740625839,0.876727969526815,0.891763771780834,0.918626208795906,1.03073371617189,0.895488208722132,0.986344823318985,0.880857184361616,0.763326217311113,0.875634277597491,0.885250352646472,0.836666785193995,0.825793716244498,0.702392929872355,0.731401280004232,0.880409277919006,0.888407797657751,0.890029142327127,0.891717730940605,0.893600664561224,0.855178233083464,0.74829725814143,0.811775447107827,0.746723842233132,0.815148092249823,0.803152902111915,0.756856343551329,1.18473725771778,0.86303028246314,0.725971846273415,0.614875822859811,0.647667508186015,0.835133494242142,0.860365522954639,0.917372488898787,0.907655034670557,0.797300152903741,0.791069655994938,0.826886940812609,0.832890318259331,0.902962831825151,0.91652108391171,0.940125509044549,0.915086320565487,0.400222629841071,0.378687263933092,0.469463196806445,0.477372586166893,0.425048314009224,0.415709096799372,0.144988462781722,0.140857879667119,0.200203000747593,0.202603877371972,0.383203234880135,0.383203234880135,0.259419588107008,-0.0830634995070863,-0.0438654620600772
"Espl1",-0.00671060691426328,-0.459670016086155,-1.09440617747066,-1.86754085917456,-1.83198815960993,-1.19259184514058,-1.1138195723961,-1.11842844614196,-0.8701628318631,-1.27384620399977,-1.50445983885116,-1.13128732970008,-1.11040804811381,-1.06815523966074,-0.867500865965109,-0.761938905247645,-0.818762577527713,-0.651940487151017,-0.505284098292943,-0.367114626858309,-0.116098411949909,-0.098765554966918,0.210355349696148,0.884162887752778,0.450614895527466,0.795125221819242,1.14205068547595,1.02112864406351,1.44193155516513,1.83410432100691,1.64507178764335,1.70199518464313,2.16541710175404,2.19641275584599,2.19335832238041,2.3932909593375,2.23020832045071,2.21528467080775,2.21483145111831,2.35849424797058,2.24723860600674,2.39156464684679,2.60666705946104,2.50098514529563,2.41457711016659,2.45285265900604,2.50966576204382,2.29343338038852,2.60738842813387,2.06314074829684,1.89105606780738,2.02813197949834,2.04041339857738,1.81131071361812,1.79676307613018,1.93197689026308,1.9469671988257,1.97686269123257,1.98729811381355,2.08017871668894,2.08036691762602,2.03691072256251,2.04049312873675,2.09851055909645,2.09291158875557,2.00642461299632,2.01524584265168,2.31016634275219,2.32447972228339,2.4916908807393,2.49770440420708,2.62125614524493,2.62247279920821,2.57605020641187,2.57467093820983,2.46200987094959,2.46200987094959,1.60920554122549,0.0149032860555631,-0.282052772402216
"Gadd45a",0.856788811163162,0.390820791420454,-0.91011306209164,-1.99138520039515,-2.63746598155971,-2.6723772830547,-2.81871106102356,-2.61322640988749,-2.49893551341069,-2.3129536330704,-2.17717362394728,-2.30854382854367,-2.02587647764665,-2.01815136898856,-1.98865401369045,-2.34358554111576,-2.05023954702684,-2.36731194775346,-2.39281224000925,-2.75324931353873,-2.77584087098084,-2.74120748726747,-2.70644098896752,-2.74746641199152,-2.47585372662683,-2.4336867058219,-2.73312480304885,-2.75816777042713,-2.51434589654051,-2.94848682042581,-2.54599962522235,-2.48241092678357,-2.78485279163413,-2.67675239309783,-2.71902859472881,-2.41955766319607,-2.6091084878539,-2.80367880065342,-2.81050088974486,-2.95306819632247,-2.77988927038478,-2.70465590414707,-3.03418961632046,-2.79855578436815,-3.17324097196267,-3.04147052957795,-3.0719178709561,-3.05111095189259,-3.27721351020728,-2.90139287508208,-2.7840365241772,-2.66844668262268,-2.72419579343832,-3.22351953204995,-3.27690282782603,-3.23137830213664,-3.20576266854453,-3.06709540288141,-3.05187656668191,-2.96068934977004,-2.95309630843683,-3.01499425552304,-3.04477690103755,-3.23642109598674,-3.20099852718523,-2.62217981946974,-2.60745057827421,-2.66614800154264,-2.66300960743748,-2.44045967566246,-2.43510203744226,-2.39701115504868,-2.39350648775917,-2.15571077637014,-2.15288532664033,-2.11810196796521,-2.11810196796521,-0.774242479711049,0.285925285252949,0.392553759460152
"Gsk3b",-0.255330096333188,-0.200214305565355,-0.179851497755702,-0.70557254395444,-1.12268854924302,-1.25662310301684,-0.853872084525698,-0.904622823066679,-0.662805512449233,-0.654402933918043,-0.966189353854377,-0.429007242558569,-0.559729022518223,-0.75541816417723,-0.637762260981268,-0.253513493614972,-0.317786094815602,-0.307337911342635,-0.0792239222987757,-0.279696060030018,-0.205884386756139,-0.237353841284348,-0.258091703891346,-0.233044058694049,-0.31662347804808,-0.640466341047718,-0.569857121930975,-0.582438111096061,-0.70576452679383,-0.330795938941338,-0.592163562984702,-0.589553974082191,-0.452796260917369,-0.41825251498052,-0.31678841787217,-0.227434392383216,-0.647250719072404,-0.813043768320005,-0.930646371200954,-0.59015562608465,-0.739106094990027,-0.627772961952419,-0.509841999413059,-0.494240694912927,-0.534873648599508,-0.546643185979437,-0.486131823164341,-0.52967596250322,-1.24328674144241,-0.782278396667507,-0.68276223670564,-0.841461822987594,-0.837110260232915,-0.566604537682511,-0.552862281516463,-0.613617171126828,-0.601519331281087,-0.404357219999097,-0.3889048082848,-0.399576021192125,-0.407406294002407,-0.517328988214548,-0.536550134955895,-0.58451255293404,-0.554645776154213,-0.0535605660077411,-0.0289045659390056,0.0326638920681181,0.0198625098712234,-0.290932037397232,-0.294029599856803,-0.0945862680090353,-0.0893451331527309,-0.030311687787675,-0.0302401529718775,0.0102513684760048,0.0102513684760048,0.159930527918933,0.0500426292519823,-0.0302215682464785
"Mad1l1",0.114692452629767,0.0172395413524543,-0.380348017151016,-1.03007226144911,-1.01218481317597,-0.892091124406357,-0.624892209130376,-0.348760835285541,0.0926493694219234,0.256263113340354,0.171560304096725,0.355343139326331,0.406033979267748,0.352934343800266,0.353688238255316,0.0195351368819724,0.367542072055402,0.384390244436215,0.424381514580312,0.25161299128081,0.434642215376259,0.545796016352541,0.499902145639448,0.668121590407447,0.715643639864232,0.921173463020161,0.936274763274544,0.984989388013115,1.07226183370209,0.853526238811944,1.02607051328728,0.884522377238186,0.982921159281577,0.995740059815243,0.884488125438108,0.864304788371657,1.10274969418448,1.25389097641371,1.16153412211279,1.26789396212849,1.2325631092284,1.20055669503312,1.01270486494007,1.05660448126834,1.0841444284663,1.06504037757188,0.927496400993108,0.902723668884626,1.48002382324706,1.13085069876043,1.10086895294718,1.63964971680168,1.63471145429894,0.998403691779893,0.903333719458418,0.862251304685758,0.872320709898667,0.837114695092782,0.831251986878515,0.827879619092491,0.830024940604119,0.859894755691505,0.864334348412921,0.863633984319994,0.854570770626013,0.700215764993629,0.694810875042224,0.78891836978961,0.801791603124477,0.995864455835601,0.997035724489969,0.877727258581596,0.873968948278205,0.818201641954198,0.818226989265783,0.856124313780415,0.856124313780415,0.235243300094869,0.066673858069969,0.0550837832440577
"Mad2l1",-0.0759138763636838,-0.185263327615577,-0.382842236815737,-0.628942314403139,-1.00540777103017,-1.00613084339458,-0.720415325932584,-0.833053425130089,-0.633264442408996,-0.767886270523395,-0.400577690433211,-0.853267635971854,-0.37590405495961,-0.555196402589773,-0.48936998119621,-0.613686426318148,-0.412460384119431,-0.205855749854141,-0.317776122867963,-0.0462515767685157,0.240939137680881,0.417529741654255,0.411185740440638,0.836573434610454,0.843417210657734,1.18773797278227,1.40504885873841,1.65087486214227,1.60787187166255,1.83300668441348,2.08997182363587,2.05638781534924,2.10902238030814,2.09684697371695,2.24380563015532,2.09991972194629,2.27579115949013,2.17962194394752,2.3428183188749,2.27414812931392,2.30620492440691,2.43648198929684,2.35021854502211,2.33871912800024,2.37833935680064,2.36777806137344,2.36145331636443,2.3062777304152,1.32016330897199,2.28959288696805,2.42327982323397,1.87242407149372,1.80758615578843,2.1468441713057,2.17909098448988,2.0938326917481,2.08166683521373,2.14226824714248,2.15948040256045,2.22562267588375,2.21710902742816,2.10722837607246,2.11018044405226,2.2609658254766,2.27134808340285,2.26265050530808,2.25288499265979,2.17140670772449,2.18149594628146,2.42967384636716,2.42994095907469,2.20325614101354,2.19838737886794,2.21843669397446,2.21926918285896,2.10775584646252,2.10775584646252,1.88379147032851,-0.246240272373876,-0.251316483934012
"Mcm3",0.0736055020514267,-0.162494818247585,-0.498096879148181,-0.64289850183567,-0.729103971413703,-0.475096229426311,-0.417452371154242,-0.2579844629498,0.0197555095837669,0.0224560314494604,0.137120802947624,0.382784723669267,0.547778480692853,0.64552403578709,0.920549107875974,1.01618681999406,1.12596498264485,1.33123203225958,1.36673540717181,1.54799832183637,1.69506347903981,1.73236347686541,1.8646818711628,2.05147631139186,1.9835808090631,2.14949845959739,2.24800455591218,2.27236626810741,2.2674441371506,2.21539605244413,2.23732491962875,2.21504129681029,2.10723163877263,2.06019445505566,2.00812710966845,1.92392594513667,1.87876152419439,1.74506126203712,1.75785142431899,1.73499032757323,1.71171743380896,1.68647426298893,1.63559313544957,1.64926977114803,1.76444477406193,1.71153389235238,1.65811319398196,1.83606925787325,2.05542286982996,1.8404316119517,1.80964579324694,2.05208137762129,2.06770668481613,1.95826009441113,1.95141350856625,2.03318750549461,2.0439772027124,2.02676816770438,2.01313291133293,1.90147170482775,1.89712982904257,1.91086236044078,1.90821839928576,1.83251812081992,1.82721981908524,1.79697820083602,1.79460965893427,1.7422255790188,1.73917842470386,1.67370711424629,1.66971376891239,1.54500578655338,1.54172457515427,1.42073750070377,1.41870807984444,1.16310553149664,1.16310553149664,1.1380079449021,0.134090505130233,-0.144301540875756
"Mdm2",0.172458711900282,0.920110896014496,1.27814152191044,0.938535669684202,0.602651477184612,0.40391956916547,0.363882500114455,0.335091104922488,0.274929166560064,0.260677757962604,0.142978457986841,0.194319958064569,0.0974867644750598,0.11808201233132,0.164114573803686,0.414269121487675,0.255891862535961,0.144183448938575,0.335336216618747,0.289640301169893,0.264820816360668,0.256305553043779,0.224979788599705,0.299683677454292,0.26459301298593,0.230261595261834,0.282203381726099,0.239806177034682,0.281238527675965,0.3879022832237,0.328597406392215,0.391789554899396,0.527146300212485,0.519768901086477,0.627655306357526,0.759782838639203,0.578217578715858,0.481033757698634,0.487511567676513,0.590695142011058,0.643270997691253,0.71805721273672,0.692058920271572,0.647841271766147,0.623665430698872,0.56668383012567,0.715558344232234,0.624028707802753,0.227668641108693,0.47216244423688,0.495475150306708,0.176008473756764,0.199457981937042,0.65183732689186,0.68213518335059,0.609422302081147,0.60286765730525,0.656150549359641,0.658490174035059,0.629028016293966,0.629479449526457,0.683686756012171,0.689849060540714,0.706041275103773,0.701867396180017,0.603751167261531,0.596040896016297,0.633239158656597,0.649634457988658,0.966629555336382,0.970272925438064,0.810878132898651,0.804345783780341,0.623246683607087,0.621337154802744,0.506085464508897,0.506085464508897,0.128020002078131,0.353932951790688,0.893583631102648
"Myc",2.61188413175804,2.96160429969621,2.81698474799312,2.25712624582529,1.90713105292304,1.77594559015333,1.73734260587751,1.83292198516929,1.78763636734501,1.89988801177775,1.69207424212335,1.62129053298266,1.70327092921119,1.75508440739258,1.68784918906966,1.47210503538177,1.63057576072111,1.59794728263398,1.5946709728104,1.72092407338297,1.66539720132998,1.6545989476219,1.56200115134421,1.56176570487733,1.5564656402178,1.49718258905639,1.37023524897617,1.34179463778312,1.40725339286218,1.20984581434709,1.17090035843129,1.17411931979028,1.12892257795942,1.07094478804954,0.993095141622925,1.07381349484057,1.0531391776015,1.09284694551584,1.01974544192911,0.961900432337293,1.09103044352404,1.01708319430819,0.891687501158692,1.04590098396308,0.916317254688039,1.00944532389493,1.08613806054643,1.03612649683104,1.30892219548835,1.05273440959386,0.905424514529806,0.428276562736202,0.456018751415771,0.883919192816442,0.925853783619817,0.963675952828352,0.960731711437335,0.973280923359586,0.977896956461654,0.956292539552373,0.938734068896583,0.768030191794307,0.768236346625071,0.821691161882968,0.807314184466155,0.177797901447676,0.0949503994698505,-1.66774960716596,-1.73912266434995,-1.13922396225256,-1.10768195528574,-0.806634139761041,-0.803964731376952,-0.725146830191039,-0.724434886984093,-0.671111123764098,-0.671111123764098,-0.179169016479518,1.27117492073029,1.86194281446898
"Orc1",-0.526275428794179,-0.515376251689526,-0.386299555093984,-0.387389415993716,0.482980104057034,0.584823572988285,0.800125574038403,0.783830849783696,0.420961039261413,0.592515994075914,0.656136428913549,0.671886148332506,0.813208386040139,0.897574763596359,1.27163864055361,1.46531513894348,1.68291809979673,1.58033702139939,1.81569310511278,1.71093323238643,2.1826397213133,2.04529586751235,2.11591917122249,2.32803022343737,2.48046586234993,2.3614491546075,2.4371793293309,2.43412596582949,2.52156791276013,2.58780547423538,2.35036723490161,2.40305964806422,2.33390376337992,2.25355777071814,2.34295826523016,2.19926806833913,2.08310961147239,2.07773461545178,2.1588715184121,2.00359483551741,2.13315713568011,2.28272721041565,2.34330672305634,2.38884020962067,2.38730093844631,2.3665714851837,2.32502397298645,2.41160142943442,2.31486120337876,2.41569722337311,2.38634139120792,1.93418842758624,1.94727259397454,2.3991672033071,2.43094736152583,2.38176724853683,2.38447524153121,2.46421244612331,2.45542204683696,2.25261462496221,2.23324501319423,2.21356836064747,2.22113095119994,2.25907182400843,2.25174457556558,2.13331258951177,2.13532734698026,2.29718878280649,2.30465925476154,2.31388618979746,2.30979480938874,2.1349409688605,2.12900537574124,1.9073039317407,1.90462510839918,1.77825993908203,1.77825993908203,1.63521269768036,0.0407346335378873,-0.170719329038066
"Pcna",0.15161324880085,0.29735417061986,0.347891506736392,0.251746989047861,0.468784308996848,0.392403999807714,0.35383890375218,0.379289867600073,0.495864835594337,0.351973915394049,0.69376016784154,0.431337525295967,0.412015129238824,0.630212297878027,0.564115111962267,0.238851675618386,0.655118315427888,0.986685459118825,1.00675389477873,1.18000830312504,1.30061297059564,1.32596520036059,1.53507306108798,1.62717808052127,1.70801113458183,1.6092885721393,1.76356594168877,1.69335444574469,1.77333670046293,1.84571089916438,1.77525996739436,1.77484612381033,1.83106125101494,1.64686583765232,1.80058793029102,1.42720093021908,1.48983605636394,1.47396737788721,1.21159462993125,1.27219105412089,1.16465357114693,1.06966195828468,1.11181465983285,0.920720251821693,1.0657510397518,0.985482999151727,1.14458039946688,1.07276273959703,0.599006675053658,1.17395365156224,1.26514296291749,0.961185270911785,0.918470016180997,1.08741132006806,1.12355916166045,1.22155019211305,1.22424977336732,1.25651929389907,1.27210292066867,1.38289884327194,1.38053604897134,1.2618352822133,1.25317754984387,1.30843499953419,1.32418013655345,1.44764974235949,1.44071643967936,1.17836675171867,1.16764992454093,1.15130080168225,1.15204012080528,1.07147041101468,1.06647039127469,0.825155894919328,0.82221485092338,0.789691945118299,0.789691945118299,0.733596454918628,0.216135085406192,0.146713192785365
"Pkmyt1",0.0265781126729493,-0.0462410144071278,-0.0479415346449565,0.0293030150730743,-0.475929291661624,-0.755620632468786,-0.748796467743579,-0.901511863810456,-1.13264204748016,-1.22491888762373,-0.711337446020044,-1.08664209827518,-0.795361288135657,-0.835775712640115,-0.431775313296266,-0.816834148986654,-0.866003328148402,-0.223403004892386,-0.16604295492609,-0.0281827317478277,0.322619527669325,0.59402603799299,0.873011665779776,0.81838074491498,0.98909429907354,1.62039358992626,1.78347697983362,2.02270097383358,2.01019543275263,1.72646805665647,1.89829735671422,1.90215982607281,1.88183314512652,1.91438268034521,1.67279813698198,1.72562609304421,2.01651064776144,2.15816327047073,1.95292532708822,1.85818972020434,1.78724634510209,1.61677560220272,1.6831303309408,1.45658227537426,1.42088916831795,1.64110141082279,1.48107035261363,1.52563814688007,2.28794654813986,1.8062591170758,1.60214663932501,1.55346223673203,1.5875152954005,1.59392118792166,1.58230937005173,1.48829752816528,1.46888947524087,1.40856001532703,1.42482629165101,1.59305588395388,1.5962915117721,1.52367995853615,1.5234269460396,1.52708857214988,1.5109588050785,1.24223348932961,1.24226108778431,1.49330923728951,1.50364058075626,1.59906557331912,1.60653642714173,1.75732236534868,1.7541442412445,1.34629739109453,1.34030452989077,1.4367839450819,1.4367839450819,1.00656078433522,0.192643057501179,0.0169006008899246
"Plk1",0.231137076481842,-0.223030244675774,-1.14211181074426,-1.51426797464852,-1.61543520146164,-1.27807219544628,-1.00986775081966,-0.978157652234597,-0.846029168956192,-0.551850114377709,-0.86328521916883,-0.555738446690831,-1.05274928961818,-1.1627322455159,-0.758352690810112,-0.964673956138805,-1.05062566879126,-0.840616625386132,-0.835911141434741,-0.697426139672369,-0.48747773500239,-0.548386040202747,-0.596432489108112,-0.0055602355615223,-0.00175847102573505,0.557646472576835,0.649714842178147,0.791312817079818,1.15336281009506,1.17022588822247,1.32701134353329,1.41689204736853,1.76238256820608,1.65948369926324,1.77574048977483,1.90127316254555,2.36135630591453,2.39150014395215,2.54390607096913,2.54514880730108,2.69154393391318,2.68393477818738,2.65522672137125,2.6988516771248,2.5954236011869,2.66385408815854,2.7097426215134,2.4606071130302,3.15517085659428,2.59498056782657,2.33425968916768,2.10979241485493,2.14489893209566,2.21823043804618,2.21932497839274,2.16050928047332,2.13768649502483,1.97090967473844,1.96236128628151,2.01517476540766,2.02530427630769,2.14251924468832,2.16217665613697,2.26323013085723,2.24780212496357,1.88967328660391,1.87658813602762,2.19269619303287,2.23110568193542,2.80737068884317,2.8168419084541,2.7447588517354,2.73907388681651,2.53027066717745,2.52743584035089,2.33776163008717,2.33776163008717,1.74711030964109,-0.174772444263501,-0.244622761789875
"Prkdc",-0.312207845755338,-0.325816060312434,-0.49589480230708,-1.53953486774872,-2.24597841673696,-2.53467981902193,-2.56025818756943,-2.71298885244933,-2.0836274382082,-1.67784993693416,-2.23719202133126,-1.24758170829766,-1.6019360552388,-1.72482372824779,-1.36979692563126,-0.995823719645857,-0.949437717206665,-0.773653575554722,-0.495781385560491,-0.878150777503467,-0.589344510445346,-0.588933131161042,-0.283126604641826,-0.862667581750967,-0.471155469931823,-0.935403247229926,-0.621873252016318,-0.877190197508668,-0.650561971581642,-0.337018901479205,-0.817814390629161,-0.764825533049666,-0.687014361726138,-0.892935434854991,-0.587494226727785,-0.528657099418888,-1.17608697279284,-1.14695916481688,-1.00480157607984,-1.3305112691487,-0.972073480201695,-0.681663525145788,-0.8712488345759,-0.784751284438053,-0.794581133181192,-0.88374962978467,-0.842999643056084,-0.751264185502201,-1.02416930006575,-1.10803794070733,-1.11732449399383,-1.05625734343389,-0.986790343251021,-0.660443743418291,-0.669477199071336,-0.810136438877549,-0.764192343891693,-0.413617278446208,-0.436348990553523,-0.943918933779623,-0.951753542899535,-0.599667301948585,-0.590969837087131,-0.723256057849365,-0.711803175468246,-0.323277930026158,-0.302335778861364,-0.192417595461321,-0.191762281304782,-0.195057679322759,-0.195161937624955,-0.0793807476986489,-0.0707400184675001,0.28232984476113,0.284980238502074,0.056212577223297,0.056212577223297,-0.316501284225892,-0.232129836045552,-0.032213297107374
"Pttg1",0.738016684441995,0.573540855791851,0.143182985501317,0.205452293924317,-0.091077989489816,-0.631499903578852,-1.09364237402398,-1.22477770952135,-1.25502722984908,-1.23123498408544,-0.820592249065208,-2.11298171542634,-1.78489873082393,-1.53762798910771,-1.58960710575444,-1.51685280245859,-1.57090898340995,-1.44166350429334,-1.64501490589807,-1.45429219825259,-1.51427681383958,-1.38203220400439,-1.12149004161026,-0.993155613369142,-0.86644467984334,-0.781797352839409,-0.527989417730101,0.0412383793802923,0.140084664343171,-0.176472433449021,0.181358987745214,0.323618295427148,0.409543700234925,0.368048641370963,0.446701075863775,0.578342930783649,0.997648519452418,1.18559883440185,1.35780661036564,1.31906527545247,1.54527455106133,1.68500266970771,1.44157175946906,1.44716344289785,1.47367079085124,1.58018797408925,1.47493513858115,1.321188939409,1.90218296623966,1.68559894788974,1.6390176521667,1.8841638626859,1.87175298924596,1.44146372177507,1.38870205756734,1.40578164332964,1.41706911277416,1.45393338803287,1.46520177380639,1.49406939368903,1.47257202153677,1.21403451959517,1.21331561679809,1.33818924613712,1.32794701338657,0.973632179368767,0.958912710465846,1.23460824559487,1.26915346946913,1.81476919022478,1.82617794332274,1.87975369837757,1.87879525556299,1.88182758288592,1.8825188994947,2.02279998817659,2.02279998817659,1.18843239538759,-0.103901545857622,0.0815289527898599
"Rad21",-0.333525713447475,-0.338024422799559,-0.3340018458304,-0.644415209183146,-0.686651365499408,-0.727938959101617,-0.465409188891331,-0.541259089744826,-0.531787346706073,-0.508632771497208,-0.769869599116027,-0.573104356366973,-0.772812643908757,-0.882557155178798,-0.768170401238768,-0.648392263655876,-0.708278900770016,-0.539080551181316,-0.38985473717178,-0.495206964581941,-0.381226764065344,-0.328778182126508,-0.262610114007994,-0.4094400060349,-0.274492630431244,-0.467175774549461,-0.202863886309951,-0.361447872588696,-0.290403343660119,0.209118925318087,-0.00619141339587564,0.0957497285476882,0.300913187382106,0.406871451894318,0.438935722609967,0.490634767506454,0.319131472297485,0.137858990678038,0.205111436516562,0.498580016493427,0.41147279683772,0.579144209321604,0.70040633614001,0.781950032654649,0.703959347718192,0.690762596635339,0.671779744707484,0.663271490181639,-0.167424027143568,0.374052114702043,0.453244963590275,-0.0803334837024608,-0.0938204722962245,0.433799111108951,0.473497717497903,0.414550453213199,0.415003386363716,0.509312250149811,0.506069583559016,0.36313919585008,0.350613554061854,0.361285568418429,0.369153198999884,0.493598264078012,0.509325886659412,0.701242946649065,0.711395605039664,0.755966173435308,0.751961223249584,0.692129288583326,0.696551659274455,0.934985696966883,0.94071526323398,1.03995563654407,1.04010632414768,0.970498308821545,0.970498308821545,0.766672982037808,-0.138183823497479,-0.146853716698637
"Rb1",-0.531588626502035,-0.303611339654619,-0.145162325954101,-0.782280240497781,-1.16767182937766,-1.11775451201716,-0.97714310156207,-1.01834668595987,-0.84383140035821,-0.870422686244752,-1.10174253725882,-0.888907949968314,-0.773829951338772,-1.05448146525886,-1.2231276675475,-0.741007440477323,-1.19072890499058,-1.14146074997444,-1.17198835624322,-1.04372456180347,-0.870772028226213,-1.16665279383443,-1.00334746972036,-0.632347428893842,-0.700546199463859,-1.11165176118637,-0.540083570028992,-1.03112623755974,-1.01228009887432,-0.571492008896329,-0.600783706935283,-0.474194807541414,-0.169577747814205,-0.446147467829634,-0.276185108616657,-0.290329480899308,-0.571148967745296,-0.901508116062304,-0.855206793425246,-0.552534654301553,-0.708745932553128,-0.435180622659883,-0.465704514838008,-0.373774696100558,-0.478980164030092,-0.317195135154976,-0.467838923618546,-0.111548546889172,-2.43126790627583,-0.494788936593407,-0.268430242391417,-1.13117099135455,-1.24675692813816,-0.612761479663082,-0.553373657017493,-0.616113142138312,-0.623524517642883,-0.481645570086111,-0.454470313159561,-0.349654033375603,-0.357252616434467,-0.431858433284439,-0.417235291089568,-0.193047729557641,-0.189991620130277,-0.338065247560566,-0.347174860682136,-0.318236960623601,-0.310808816115681,-0.156741425628519,-0.151076781602618,0.103064943151729,0.116281718585812,0.62509533835771,0.629330401047593,0.510099367429531,0.510099367429531,0.218205728587494,-0.278575245043077,-0.106154174232846
"Rbl1",-0.457026465890628,-0.723687806942081,-1.01903220966142,-1.52402789768199,-1.89475692383071,-1.83469376608494,-1.56021663304052,-1.35636210252665,-0.909320012457203,-0.987422358840187,-1.11547999871451,-0.457614493911486,-0.548950212116617,-0.789659449591221,-0.428597710239863,-0.0102604286599812,-0.264302119232766,0.0494776138712246,0.231398681928253,0.284373344595292,0.408508964352084,0.43793674069184,0.594949773389944,0.508689327436525,0.620411336725446,0.247353867747682,0.681772530973278,0.442524323043941,0.562118776518042,1.28362409196684,0.853574652809418,1.15515391340317,1.2743496393892,1.43877417082752,1.40318514347236,1.35687606020041,0.981514422633621,0.62272524315449,0.692713174670468,1.00179281885017,0.677205272446489,0.934926622903278,1.13137065330628,1.23190084977283,1.05765938011088,0.944742204796218,0.910687805476817,1.06516774899169,-0.49999286846342,0.302663644702233,0.501332992758055,0.304853786873376,0.289024310168386,0.598440529706385,0.625650150241604,0.660849974053398,0.689267140266089,0.937409297183433,0.948333925774396,0.863422627239197,0.849608477286568,0.767601564717085,0.759496533564947,0.822470058968069,0.852782399373522,1.30522298943998,1.32891863805972,1.37871015104527,1.36123603858032,1.0063246804417,1.01363453564043,1.5555085151646,1.5650321699703,1.62072429262652,1.6200925876965,1.70866893833769,1.70866893833769,1.23279342423091,-0.0353593902651394,-0.448806703255048
