"Khk",-0.635259444616211,0.266264506060672,0.914697781620004,1.07656789648792,1.01502941849552,0.627646767803448,0.467667170203211,0.404594584675419,-0.131655799132253,0.0235806807311476,-0.0134119364197978,-0.295610069221715,-0.341852450001826,-0.514530941352933,-0.621367498850336,-1.1462180439268,-1.13989539744836,-1.27829752097847,-1.20522939963286,-1.34491220788368,-1.78934907369634,-1.23304823272191,-1.62153505508002,-1.27324930756334,-1.60373963980771,-1.3053443215953,-0.910900710972984,-1.12021238115549,-0.924657284695886,-1.39321819221266,-0.906110901793516,-1.29595386363303,-1.20282774511862,-1.22782761866556,-1.49611189799232,-1.374177126345,-1.37220218415994,-0.667057693685893,-0.662888515385594,-0.94332551306579,-0.879503510952946,-0.886418658687747,-1.22538808075726,-1.19842911767878,-1.31537701182435,-1.15416051837461,-1.0936706817822,-0.969227701722044,-0.434760729973106,-1.42286421961375,-1.40662613592309,0.16364098074757,0.205743617331049,-0.621750513116681,-0.811144006972205,-1.23432888833262,-1.22240484709444,-0.985216969659704,-0.939963655893281,-0.690570128310516,-0.686318747455279,-0.817617617315039,-0.834306123592515,-1.00157233498128,-1.02344753350475,-1.3119348854374,-1.3218715441493,-1.04778709277869,-1.0093740145176,-0.43572848752862,-0.429760704005929,-0.515131188934252,-0.512612038046295,-0.215508369632027,-0.213059840813726,-0.576778284421911,-0.576778284421911,-0.959089212269061,-0.358209372619397,0.694328510905062
"Mlx",0.202904083301478,-0.0418509302809911,-0.315707821810607,-0.0588822071448448,0.0595969241128671,0.420434400897115,0.392839426560206,0.660468966658618,0.955083676346058,0.962318506893419,1.29623511063753,1.26373541481198,1.31175493648498,1.26215695691144,1.14739466377133,1.30142032181014,1.26382502129561,1.10181702709083,0.988538485262918,1.11605886328162,0.934801798191059,0.986526159009096,0.927430272955039,0.925953821360921,1.01367732288779,0.944362064975914,0.810389677659326,0.896910037024794,0.798358683268553,0.715096388674212,0.848217299349453,0.644301025684963,0.645365719485189,0.579880784727741,0.496919315783707,0.554348646366189,0.681116179008724,0.548572658173224,0.700549039643859,0.598360599972999,0.634447400195744,0.542589461868731,0.601934067079984,0.553712296814942,0.285216125902766,0.482407290308122,0.489414030975965,0.327358560763708,0.581449498771097,0.396514792365782,0.29787572264505,0.114242166065185,0.156658900210521,0.524795231870812,0.569490319151718,0.67065581120746,0.667343464515218,0.596008741836004,0.587536841372627,0.5726322414527,0.576177752938931,0.633245632816958,0.640004789112597,0.622123262125689,0.606040961386238,0.229764987756955,0.195754862699879,-0.15946068809315,-0.160989724153138,0.0247032252552831,0.0297659119209011,0.0285498707887808,0.0290666096978492,0.104772326206173,0.105273702698531,-0.0350877442506011,-0.0350877442506011,0.335357110796048,-0.129128433949798,-0.0529366243263226
"Mlxipl",-3.0141452270245,-1.77233705940191,-0.609328154813843,-1.32670762165125,-1.91757150241179,-0.555796462802576,-1.21242922670129,-1.10230825510862,-0.511287637935364,-1.55112790246716,-2.35937091014276,-0.149749486380837,-1.0219796978676,-0.577106969047988,-0.797391727422445,-1.36560286385428,-1.58435670812738,-0.964686472820086,-0.366774358064721,-1.09129278919965,-2.67625528992081,-1.05401671318837,-1.96291375700308,0,-1.17843291597803,-1.10948099099072,-0.238998947105191,-0.499889674920669,-2.44834058417332,-1.98433147879584,-3.35007316556067,-1.88699518831239,-1.47420051115783,-3.58799528519072,-1.87583308202509,-2.48348918559179,-0.491133745938136,-1.75280615493639,-2.04242622276966,-0.0750852666346321,-1.1405363082195,-1.94880990497021,-1.40156836114215,-1.29365302197526,-2.64654746754584,-1.11866180859674,-2.20263397541032,-2.27117666454678,-2.76614079343801,-0.81753994594465,-0.410899026494741,0.149243520801104,-0.0250092282506657,0,-4.66487791934637,-1.50568493170599,-1.3912656240507,-1.70214487486158,-1.61042979989923,-0.753061431419568,-0.775829684608935,-2.34160255385028,-2.59061854007764,-2.41888010416872,-2.22822154086106,-0.982833819530345,-0.98328177828794,-1.93426355224633,-1.99648519265977,-2.28145022300275,-2.28823305793044,-2.13853395530836,-2.10314660915705,-0.967942120001207,-0.964383449639357,0,-53.2515676206082,0,1.1639988865749,-0.273719001844743
"Mpi",0.218513710531535,-0.126057074644416,-0.604989932422289,-0.544670353686888,-0.474628535202839,-0.346474457413806,-0.31677303863589,-0.124498183820481,-0.024799433993824,-0.112022365795617,0.219239989366187,0.243994223082278,0.419400411811003,0.669977237939475,0.649384201751104,0.459075480437911,0.566675557534328,0.576315596774844,0.544890093851806,0.571797967315324,0.514051474820919,0.349361361605896,0.607071141165997,0.736332985966519,0.752791724629337,0.914514149186461,0.894951302354839,1.06276012516242,0.835753196959327,0.651724202182973,1.03153019439063,0.721463573033435,0.746969529750671,0.938830431522187,0.780645952050863,0.781535958785213,0.764248137058625,1.1416017367154,1.19097945970409,0.979495061599707,1.01663709485053,0.948556155116453,0.881648094741818,0.799858715843601,0.883209549224388,0.91434052283186,0.820060307811278,0.80311203060753,1.26566951373553,1.02589973625091,0.975156765444299,1.22073372826034,1.22446299297797,0.968895136124519,0.942773667876277,0.953858351928562,0.943588748132917,0.748850610197561,0.724392088382111,0.682124331779821,0.694509489773559,0.869135464483188,0.886211894055854,0.94821005809577,0.939809837278684,0.742565458077446,0.730851376351835,0.74205044011828,0.753191853857221,0.929091312475862,0.927498522650351,0.702127148662805,0.696813836147614,0.645602404746783,0.645210819767493,0.444092344333793,0.444092344333793,0.346853366365737,-0.0871927720982464,-0.375368297811536
"Myog",-2.27027195762069,-6.82465222625511,-4.49127779352575,-5.79316282248827,-4.64732656596472,-3.49204834048681,-4.41622992823493,-2.98407245772427,-3.56313922395085,-4.43300050911343,-3.12588589111625,-2.93861772267455,-3.00349784327756,-3.30684089698142,-3.5273138946882,-2.51035374895571,-3.35089187306868,-2.37258059043261,-2.54407621280176,-3.33573547523064,-3.23594162432741,-2.59498483679901,-2.69266516656207,-2.84912352063267,-2.12170606728845,-2.11694390735833,-2.29086359648383,-1.69372844756406,-1.91553744410068,-2.17825143593358,-2.11712220495985,-2.18402980403658,-3.4814509693876,-1.96779622314009,-2.53531326733492,-2.62814207570249,-2.12134835951996,-1.99746764661592,-2.45049244709085,-2.80498669469037,-2.33435292118052,-2.09383388165975,-2.38290518010937,-1.99495338297972,-2.30629868329811,-2.5856613912583,-2.66955624678352,-4.73764620874466,-3.42562097874783,-3.28450854348482,-3.2540096228745,-2.73262908584517,-2.68433463216272,-2.80527396015594,-2.87440681475417,-3.16504222464035,-3.1197166702111,-2.84685474399058,-2.91305302562574,-3.99746764661592,-3.98498260548949,-2.9015982531428,-2.8440882088389,-3.18508857140889,-3.31951739472605,0,-9.68807678888116,-3.40124339952268,-3.36647187705108,-4.16356833208149,-4.21235667966818,-4.60570259522632,-4.61822739342155,-5.75640905055542,-5.76632521945849,-4.21964126230383,-4.21964126230383,-1.83229160130925,0.935584606717495,-2.41499417965655
"Ncor1",-0.475079190041502,-0.663046369975322,-0.805228187943615,-1.52250840740349,-1.48349228678508,-1.22961823052417,-0.866358044747122,-0.959761284640076,-0.828540552500974,-1.01026131590944,-1.55155149871731,-0.896349629397118,-1.05947602270835,-1.40942690187635,-1.20734286292198,-0.854790330335871,-0.860480373483084,-0.871816887960826,-0.721784896415782,-0.790319747792805,-0.747556404414843,-0.862813027942884,-0.685242418085302,-0.836892646008869,-0.973241269642407,-1.34912225041682,-1.03900405365492,-1.47863168253929,-1.24643301890878,-0.767131450522307,-1.16002787666733,-1.13499442599215,-0.901695141278434,-0.752333391928242,-0.746109872280007,-0.539168158253857,-1.13209850702228,-1.4370859668859,-1.42330972687137,-1.05138420766932,-1.17177838398745,-0.954016699085764,-0.646079935780413,-0.603600113588486,-0.608186816709915,-0.619600390344389,-0.624818314210015,-0.368825082015923,-1.17601703552102,-1.07429023895598,-1.00169110606834,-1.09164061349954,-1.08774491461226,-0.837382184097771,-0.795604976662596,-0.621409048994461,-0.599993770893563,-0.56282653790989,-0.584834605045566,-0.852959582441316,-0.870418204466833,-0.867734592168975,-0.869654919856534,-0.775914456491257,-0.738122056552871,-0.249431665269874,-0.233567150257538,-0.331594196458215,-0.35004830212731,-0.554330123123696,-0.543126566957512,-0.0395261707476479,-0.0305650374182072,0.0516903160426959,0.0513950524027455,0.0973357492445214,0.0973357492445214,-0.159782965173796,0.00179248568181987,-0.157795736458705
"Nupr1",0.586339364509063,0.451692283631224,0.118212600678841,0.128665027495746,-0.370688951277364,-0.659849871584851,-1.11734106873285,-0.83981490243114,-1.20427254799136,-1.26176151062536,-0.625348928408086,-1.33242213692312,-1.33918323192532,-0.877099409410428,-1.11104301397855,-1.23934150959769,-1.31762642701426,-1.27819136745208,-1.54275202168779,-1.44604684004294,-1.58185078037954,-1.78991191098755,-1.6382178567591,-1.4785985238472,-1.3401723598225,-1.08322355285487,-1.30466234702975,-1.0009419159012,-1.28006057835002,-1.61424411449174,-1.1485764404858,-1.47273182182725,-1.52462165469729,-1.44415508266482,-1.76979747373031,-1.70083172735428,-1.29903331645333,-0.845438093432355,-0.735511252851094,-1.11559187576016,-0.899473387752693,-0.984447036230372,-1.45653998655023,-1.27376374600214,-1.30927092280185,-1.17684020157601,-1.18709687444972,-1.4265763247678,-0.369598957705659,-0.970890953488887,-1.15920831076528,-0.65332542312599,-0.606823147609867,-0.907840801727734,-0.981079585168663,-1.22072271849887,-1.22934137968491,-1.12306428225207,-1.08916549917487,-0.908737283933261,-0.916600029367896,-1.09297990094629,-1.09133447113649,-0.880516142809301,-0.865893124157158,-0.898906485831518,-0.91710943704493,-1.2524859102212,-1.26147091153044,-1.14240821561283,-1.13297329296858,-0.941317136948972,-0.937435382668286,-0.801106320066463,-0.798862075863553,-0.542895190292017,-0.542895190292017,0.172883411119004,0.182382817695887,0.340676216048761
"Ogdh",-0.0062407760362709,-0.24600603533798,-0.589192313860827,-0.687600407346356,-0.593350643922398,-0.520145581663994,-0.408046836124453,-0.43769973980508,-0.0329789508023517,0.0103492474177445,-0.119885169435524,0.267300841783495,0.225917771802411,0.227863861017063,0.329964995157172,0.295462233305804,0.420963945353861,0.352338502587427,0.371547466447162,0.507103857690237,0.588932754804701,0.652179904574793,0.697808824996792,0.718544902798876,0.765855735915027,0.885839819454148,0.833092383378427,0.855550679711295,0.912299787664275,0.856014046101752,0.84905386897577,0.893035742814308,1.06164153646505,1.08058426551643,0.972282740478825,1.01456120984798,1.0043122144659,1.01423630322747,1.00801562114855,1.08754217157142,0.959464580076796,1.00579259996117,1.07447085635778,1.0513339481654,1.03986141676008,1.11902968273377,1.03029734839364,1.12814611877411,1.23212414482395,0.960554283765247,0.862310308259564,0.761026041185752,0.801967000406181,1.05069173402424,1.06717271393731,1.05637424125291,1.05884936844159,1.07565888452079,1.06232426089276,0.925954128688658,0.927516366663388,1.06368785987333,1.07315628993306,1.05555656014634,1.04807808090643,1.00372753211255,1.00959227292703,1.10645715537573,1.10313257479553,0.974596254613184,0.976923407101015,1.16142324393677,1.16266797510141,1.00310735329128,1.00034858560779,1.0179776897749,1.0179776897749,0.523812841709637,0.0822781156023626,-0.108581237261699
"Ogt",-0.840281562309443,-1.14937635049428,-1.2060830054675,-1.34603270023929,-1.4633557203713,-1.24069988748905,-1.08419417951502,-1.12112133702519,-1.03584193029496,-1.14471887135926,-1.32963600986588,-1.01948618492636,-1.08463427229972,-1.25266858970091,-1.09587512995118,-0.785854033216656,-0.873932014472557,-1.03645670487882,-0.834454821329418,-1.04413622999264,-1.06164882517442,-1.1351727090481,-1.123823692036,-1.32976932171564,-1.32725730618001,-1.60796661459016,-1.4836681283399,-1.78706418232983,-1.69515051091163,-1.41589453129391,-1.62511573581238,-1.5642224710829,-1.37471660853914,-1.32793736270719,-1.17867989079633,-1.21475031837412,-1.59113705622713,-1.73169993719809,-1.61118606914015,-1.48817168198301,-1.70915183233831,-1.4603114842494,-1.37841540834009,-1.26299860552676,-1.40708882112968,-1.37831798935125,-1.33840135129957,-1.36303452619935,-2.65402003294498,-1.74460492596307,-1.58266082520986,-1.89965393515641,-1.90125258058903,-1.43745342697482,-1.40411077264442,-1.46238315336184,-1.46023060204507,-1.34005253131286,-1.33483373757236,-1.46271362546848,-1.49362268627806,-1.64118125344542,-1.61819773046174,-1.26896442333277,-1.25799925032175,-1.28570783312523,-1.27937055178732,-1.07518473132424,-1.06896130792562,-1.0019045767439,-0.993394212388567,-0.658661224116434,-0.650061937809122,-0.443181889960206,-0.441931430184177,-0.494357267450374,-0.494357267450374,-0.653331668627459,-0.545921437041556,-0.79234510412774
"P2rx7",-0.491183158548963,-0.897836370082641,-1.14980028008083,-1.20427472858354,-0.873144714018961,-0.493576930689212,-0.659846795602382,-0.00523431289632981,-0.852499709147228,-0.921642144728292,-0.841073721979421,-2.01214970653519,-2.0099108001058,-1.82807247711999,-1.2600553388498,-0.616408696394483,-1.18630838005951,-0.38963589919487,-1.13852107512163,-0.714284031765587,-1.21648537256649,-1.6940919103404,-1.58560489844176,-0.922760538532225,-0.981939447078812,-1.91311826612538,-1.83387760176448,-1.30352473691742,-1.05060871493873,-0.939907702074092,-1.15427495277879,-1.59753238930122,-0.7415960940557,-1.39177507986669,-0.942374018959665,-1.80132686720321,-0.469630832772826,-0.708485958785388,-0.543454311050328,-0.326021761815169,-0.565531216066554,-1.57191619990094,-0.679006080575342,-0.571090741408454,-1.24870884558657,-0.971214056325458,-0.913118266125383,-1.81140507074216,-0.247719229651423,-0.741421964179901,-1.06387440271796,-1.75372063283126,-1.73316007726836,-1.5633749510583,-1.57383494086205,-1.38314676689429,-1.24093746649009,-0.505503545923539,-0.507869684284266,-1.37592063087094,-1.57212983122005,-2.14510908495106,-1.8802521460331,-0.258725589308442,-0.254847755266782,-1.10819360335102,-1.13353031520874,-0.737943772980433,-0.756753996940691,-1.59984558059189,-1.5566180749352,-0.0547495818375688,-0.042557855843905,-0.461003394857489,-0.470906071851588,-0.293405912798757,-0.293405912798757,-0.445082856496349,-0.256730651138131,-0.62773075504122
"Pfkfb1",-0.744476338497149,-0.815671659177157,-1.58029423751171,-1.96264084818869,-2.18571577480302,-2.11004362858674,-1.94075261804558,-1.5938331225798,-1.06773874231983,-0.996446687170972,-0.725345544545798,-1.25656377349852,-0.368288225241064,-0.455502336098561,-0.110884946188716,-0.387484524013618,-0.186563852072588,-1.17358899081714,-0.410538112568311,-0.164104683688875,-0.407254197959633,0.149775275345844,-0.45531649961991,0.543730835294596,0.122271632518364,0.600453817363955,0.637277440031639,0.39076927864322,0.419883061539348,0.618045168616179,0.689348801899596,0.757694530795249,0.590924827435172,0.548650041486709,0.713828860614556,0.471843854897317,0.805315674088154,1.0063896752891,0.594497163486662,0.668587501053334,0.591037299860086,0.816479199991608,0.471843854897317,0.301240735914487,0.285481276524374,0.738347349828676,0.37596295182936,1.00406021527649,0.557909145335911,0.380459386053096,0.448172597754757,0.485087569336819,0.452115982362389,0.430793952048998,0.356246513757169,0.362532555323123,0.529904697644918,0.563191646329819,0.630771131565087,0.590573624598359,0.11252639957803,0.123080578098085,0.570512784630699,0.577947643539023,0.4112461207382,0.421330652352954,0.795842206195795,0.803700326790452,0.602151210944913,0.58740759508267,0.428670002160204,0.434854234903155,0.816517678528981,0.819568577890514,0.45580159780705,0.45580159780705,0.519849227808149,-0.304896540532479,-0.689880005369073,-0.921135702530206
"Pfkfb2",-0.748302952334699,-0.80789632170413,-0.650584053796042,-1.10826073794233,-1.4541158621006,-1.54794233779337,-0.599852742917989,-0.861089812678063,-0.736241247864888,-0.759262628729477,-1.15259191215384,-0.722850159459731,-0.448222362140543,-0.849419809259316,-0.761983059207646,-0.1779031933068,-0.148676154297472,-0.351403401621079,-0.323998961590932,-0.0258232037448498,-0.230331350077713,-0.0960100581334189,0.0749344728690835,-0.135565663935813,-0.149405089741045,-1.03554166833652,-0.513235833501529,-0.907125946589533,-0.867766740118749,-0.400484444171195,-0.5704805268175,-0.747158901144035,-0.581962606414575,-0.336081534170951,-0.533156019476852,-0.0822446371314005,-0.953991240130079,-1.33530840176581,-1.52842749740684,-0.844026700945811,-1.30946647553475,-1.41010943645052,-0.950959673331785,-0.609602875221307,-0.802055888324054,-0.88146652062398,-0.822025426215018,-0.689935675842617,-1.81083769696111,-1.09109704913936,-0.921707673807368,-1.07567322165926,-1.12241080877269,-1.02697137566898,-0.983746442523892,-0.657172969946353,-0.595813737069293,-0.334969624982478,-0.344103138675986,-0.658117335625864,-0.693772862034505,-0.778654188074201,-0.76995195805755,-0.548265468565442,-0.517964820476249,-0.062245608747557,-0.0255977998371414,0.185233577892231,0.161644695007057,-0.581196516949994,-0.575930351745489,0.267272771444778,0.280230123762327,0.24825815839456,0.245002543184589,0.183993034691996,0.183993034691996,0.00892126164735995,-0.0940619409909253,-0.462415879910794
"Pfkl",0.0851263741574416,-0.158961313808698,-0.500740145094917,-0.419047122025909,0.0565837830322873,0.559339515869331,0.715835952765409,0.710777090495298,0.776419851413531,0.949078972397649,0.614775988179437,0.812595621346498,0.728705741082163,0.420583762830854,0.0703147573509665,0.0976321146263375,-0.0977754781166485,-0.0301473446291307,-0.115369625071454,-0.109726311998308,-0.170803420646267,-0.234916027842186,0.0325759912794512,-0.142252634418752,0.0979724174001429,0.00392220662772306,0.0479246748883549,0.154348442016881,-0.168358256274348,0.00786121813756817,0.0637158699674066,0.0525842340705673,-0.050805569153645,-0.0360709728977494,-0.116448302442883,0.0478712991077657,0.136741971942007,0.211225983178501,0.119736832082285,0.10293993879263,0.0217354407878052,0.0583611046496482,-0.0852319425234733,-0.0541312689791847,0.0487101379864065,-0.0619296271195882,0.108060394336562,0.702846255462889,0.279247216188507,0.274214902110977,1.0064897195757,0.999335594866092,0.279523632174357,0.212690368409513,0.465019905509664,0.476455487215325,0.274065537822764,0.263236155032935,0.35881717050399,0.359546972383414,0.285404907000244,0.290064016320423,0.364612534619007,0.353174597468611,0.0507678155119121,0.0378389443774787,0.161134721376156,0.177812977674436,0.385625803687506,0.384617959977819,0.174054831417936,0.168402535344527,0.115218198906338,0.115885058727985,0.208745397289025,0.208745397289025,1.52642944430451,-0.138660698417512,0.061142523002326,-0.122355962547723
"Pfkp",0.0535786134425303,0.0652241219528451,0.151787472295448,0.376301990497725,0.521909944576101,0.625320554513418,0.593563197577976,0.782337190333775,0.896690798548396,0.919512777039032,1.22471146368134,1.03883045811112,1.15672870131419,1.18780369736961,1.21930061814745,1.08327310725096,1.01208521054397,1.0083380854108,0.930594640281011,0.965977535567911,0.883002420332016,0.898402236650802,0.832346820335007,0.968718881262276,0.956712830383859,1.14412210908797,1.02055282064236,1.29399677252627,1.12502845844932,0.873992364587424,0.97436600911843,0.945826457090741,0.889068077323904,0.93957327318967,0.807211390301011,0.769127257057086,1.01422298977366,1.10882700563301,1.13913862774613,1.04227163686274,1.15904400204438,1.10042235944505,0.973736528425617,0.963404295997126,0.851697785359077,0.891821021696702,0.889199625871377,0.806288853313929,0.837642553566526,1.02369124524985,1.08289792763162,1.17425432309772,1.14095235542813,0.861087151068319,0.846888363285439,0.915789179216338,0.907830941399846,0.781400128483631,0.788339313247654,0.964510935356051,0.973795856906848,0.943027596632286,0.941723955404889,0.95171543469971,0.946522530920904,0.812868480213318,0.804122832653276,0.779330342054093,0.784220777481059,0.914561128939352,0.91856187279889,0.913085809182933,0.909793451604531,0.743897787141853,0.742506405598382,0.893367600095225,0.893367600095225,1.10058973587653,0.0491529549144717,-0.0621806604344261
"Pgam1",-0.461376414333411,-0.0116606780377058,0.436753160165582,0.719471516277615,1.0654785457481,1.5972614933287,1.05914903910054,1.50817146623538,1.2087482566329,1.32854105489434,1.60089382062284,1.39748253250995,1.40542506277095,1.54123092282796,1.38947154224779,0.764509645731584,1.18739615087118,1.06907642448634,1.03141660503809,1.08439291642634,1.08469547604847,1.3035309743504,1.36273760894224,1.88620410188177,1.12144936445765,1.32360180357077,1.39613013716604,1.05087275142561,1.491895158771,1.48596295510041,1.53924539538797,1.27731219172162,1.19348297658261,1.45769523007761,1.41889020975829,1.58126834620944,1.29521465431827,1.74466713612685,1.38607544961049,1.65727190511267,1.45566143754354,1.49668936169347,1.31505260792766,1.55686487672287,1.572633259307,1.46490723479414,1.2711709380146,1.96031099412488,1.6545740126274,1.39520227515836,0.0798772455913906,0.218281415014864,1.51534934817522,1.59794502738823,1.55886987630934,1.53323499040963,1.52910982882947,1.55370828510299,1.77142390916038,1.78478566829776,1.77657390099047,1.76978743382622,1.80958518720938,1.83130556497436,1.98732826944658,1.96747678255838,1.46048410723786,1.46215136283091,1.9219226280782,1.92790411597903,1.6106441119069,1.59892208130573,1.38980214213385,1.38901146050524,1.40009843659365,1.40009843659365,1.3114248084681,0.0205733608713059,0.25711034299772,0.519842103573862
"Pgam2",-0.0578223725031356,-0.681265451822941,-0.724522362170414,-0.900478848592142,-1.56412925755616,-3.18019956065384,-1.63257321120565,-1.86760363196922,-1.38961521947474,-1.54592286733695,-1.79559172544602,-1.98975003182014,-1.80791170883433,-1.32791876771472,-1.01124994633602,-0.706794999463934,-1.49496053295458,-0.860554906376064,-1.23474860419834,-1.32185548636469,-0.498307141646455,-0.945635585825148,-0.32767574656685,-0.431957732264456,-0.23184654050317,-0.595383325968278,-0.560769413264697,-0.571016328015769,-0.571375931956136,-0.241714573127845,-0.594359774991759,-0.365092900340666,-1.32731129158427,-0.583075865754419,-0.669668783834303,-0.551942515197323,-0.398839847129176,-0.415400596716365,-1.30585011384563,-0.161887682376894,-0.372343267595221,-0.725402468980271,-1.35453276031929,-0.900298138998258,-1.44270753150974,-1.43352587920242,-2.91665334044242,-1.09005493761583,-1.61541494187031,-1.65514126856117,-0.622104765474663,-0.614735170998512,-1.30620918674106,-1.32306636161446,-0.692017346683747,-0.634303215612373,-0.762778188225785,-0.8437968304719,-1.39890367048475,-1.35088225596619,-0.665593480009592,-0.656780389820024,-1.25725170471015,-1.33850480284751,-2.04361376918051,-2.05441097888476,-1.25829348718957,-1.17636929865702,-0.227136019672588,-0.225065209808876,-0.877707945230883,-0.898787703611114,-1.0287230943513,-1.024842791795,-0.661835960304851,-0.661835960304851,-0.5731752974029,0.114966661721208,0.55860960026078,-0.11216300220995
"Pgk1",0.620646143520773,0.398457060747548,0.135544043586815,0.686748167100572,0.713632020041977,0.929016670897251,0.514797783131393,0.713791501756455,0.760730109817578,0.696293893436384,1.22977391413245,0.828679054075594,1.10474091887525,1.15323648035463,1.14459137159381,1.34258071124903,1.07597587616851,1.25418632864225,1.04650644185251,0.943057022399373,1.21432772005853,1.03183260707218,1.08353148098804,1.36261281615413,1.37384702860607,1.48579493240013,1.40006113450673,1.99502191616619,1.64839207187939,1.40260649027033,1.56893963952946,1.34737151910213,1.22639149032859,1.17818552544182,1.18226591480515,1.15980011000097,1.40212921417294,1.6571651964957,1.59262459358506,1.6746783066928,1.55998200295969,1.65046661871596,1.4158488543596,1.27968883066723,1.34374505046108,1.24940538038706,1.40070226496215,1.23697858662061,1.62083280701784,1.66947858230637,1.60854145249245,1.34161578102467,1.406313077491,1.86878348997488,1.86653087009119,1.49867969064293,1.46660568051436,1.59850462301103,1.62289446747732,1.65711641427873,1.64210514108988,1.53873490409393,1.55329977752923,1.61270079973239,1.5695455889734,0.694963949076259,0.699005989841487,1.54743556475261,1.57249947369745,1.52730446172209,1.51954277158096,1.4321329141333,1.4305941736976,1.34738361225536,1.34615298713455,1.25744636660727,1.25744636660727,2.11557426093444,-0.105243710393727,-0.167570918807289
"Pkm",0.269193737166427,0.259278883573745,0.22979702266496,0.476408794695043,0.719654409513675,0.713604555337456,0.554689200546669,0.690868752165621,0.650537707963364,0.700671724564092,0.921470923193902,0.787494672789706,0.903683260686717,1.06956231096549,1.00463420137366,0.80133644703046,0.946098383552017,0.959889224736915,0.943145225744867,1.0060435314652,1.08641190636368,1.0662004451536,1.05435651564141,1.23484573008737,1.25164114808966,1.52380199008555,1.38666959039172,1.49327935043772,1.54091421992226,1.31815426851891,1.49146316429524,1.39343567395928,1.41648674323677,1.38521012547785,1.34503034846037,1.40098873819076,1.5941584947886,1.67207535624212,1.82271006296719,1.66956509698529,1.71811405599017,1.61301507778267,1.60975933767176,1.52407528429337,1.60922944070329,1.66872634234721,1.60331002140527,1.59622714720508,2.22486499544095,1.8583573213019,1.80938815909728,2.31482930893238,2.31661542102982,1.80958111566496,1.75137919553894,1.82342550980133,1.82887066704761,1.73636432479038,1.7351583558729,1.83920890633749,1.84973162892731,1.87135047238753,1.86962603302684,1.81694611389977,1.80784991121835,1.67775328521709,1.67077945990663,1.71260553781355,1.72551208973211,1.95208212849994,1.95311503244799,1.77589277047597,1.77010815077104,1.6522467912278,1.65141482388986,1.59990213303063,1.59990213303063,1.23480313434876,0.0256650353306991,0.090962536010656
"Ppara",-1.13573057535597,-1.928623402338,-2.66595868133414,-4.70569246692205,-3.880852734707,-3.10410364761349,-2.32799965954032,-2.25833484195066,-2.05995242665461,-1.34477024041883,-1.41620312513274,-0.850387453979944,-1.72251263142779,-2.21874621355461,-1.30162318427133,-1.00712501124295,-1.79323844795998,-1.92817990554973,-1.10786556640969,-0.885042714685653,-0.46965558525118,-1.16969198924106,-0.533994957088945,-0.590946312870159,-0.856598036509768,-1.02871363866372,-1.98032710697507,-2.14165745032326,-1.92044069986038,-1.62603066202329,-1.14435924768477,-1.52869046089882,-3.26784284910951,-1.38209309119382,-2.25443792069792,-2.86167051184682,-1.86973858461096,-1.2570811118116,-1.68419027328361,-2.62369489520987,-1.4036639294724,-1.74245224292188,-1.78017319981498,-1.67225786064809,-1.70341392729461,-1.2750152036086,-2.58123881408315,-1.06457528342685,-2.55978313138968,-1.93328836842562,-1.77004158807872,-2.22936131787172,-2.1704224029361,-1.45400928562754,-1.46926469595678,-2.29932726965766,-2.39745261176403,-2.34358697601714,-2.35347168016614,-2.71675642599577,-2.73103583206861,-2.39843286568538,-2.35001466859951,-1.79728244511633,-1.73877635143801,-1.36143865820317,-1.38105543481753,-1.72809887997033,-1.68560890478679,-0.853015793276574,-0.859608079499834,-1.51730555061789,-1.49901974018575,-0.0245003478052629,-0.0107105030202269,0.283530782281675,0.283530782281675,-0.610826370476264,0.135266704912646,-0.675539807481908
"Ppargc1a",0.0306279896058499,-0.57810821364119,-1.73065968580188,-2.35485271618217,-2.53082217249326,-3.43171580858422,-3.97753991539842,-3.13045334963955,-3.12428728339197,-3.99401458918105,-3.80255350395253,-2.49982267579912,-4.37205288728588,-3.19021456430007,-3.41063096143924,-2.65654817948658,-3.02784216643724,-3.57794189276013,-3.24303356090872,-3.38247228956437,-3.38208504085962,-4.40393265207068,-2.99076361055458,-2.41043350779616,-3.20657801050896,-2.81582873466816,-3.85210654235727,-5.11364003919247,-3.15505372471965,-2.27557091788139,-3.05690815409391,-3.500242857844,-3.50234560568876,-5.61614037972165,-2.48894067727717,-3.51121076770491,-4.32663376252666,-3.36629668185387,-4.07057131730058,-2.46577764465785,-4.16868140275043,-5.56250241611958,-3.42971345567307,-3.05876371067239,-2.67492971092925,-5.73176940384882,-3.00858588835666,-2.29895619590816,-3.79428588796893,-5.16734619206661,-4.88143346638032,-3.46372748793813,-3.41853264389924,-4.27323515106797,-4.64269856815591,-4.53383002623691,-3.9113887957168,-1.99312723187523,-1.96508164382661,-2.78120652595049,-2.93890846242838,-3.78504110349162,-3.76972808211462,-2.86179270732721,-2.76348976633598,-2.20366676069976,-2.23288287265957,-2.74018164366502,-2.66743267450642,-1.13991581852382,-1.11069359942195,-0.99697639486283,-1.00241080398404,-1.23043046657097,-1.23240139438432,-1.04413881577059,-1.04413881577059,-0.888357409795795,-1.18033474668999,-0.711109948185161
"Ppp2ca",0.2888369480925,0.444319046158975,0.587087376830917,0.804720299720219,0.766169079653482,0.672794951880464,0.562248147784319,0.583353342108504,0.507458413687666,0.55317861459077,0.654439226154515,0.475077049172299,0.45566502510945,0.530882467642621,0.641236356447083,0.641817338334043,0.515134280169977,0.539445228861684,0.480075848610314,0.529984468903845,0.46950735303469,0.536972932679207,0.462344480187797,0.445129131710606,0.519265906172374,0.514256818299263,0.479763717337875,0.596128639261281,0.469910165465099,0.463709528097806,0.532253297489869,0.484992377376798,0.42262843838332,0.46629715566036,0.431796348118712,0.423377624113663,0.381729602051436,0.357963868445117,0.464529057869351,0.517549537317521,0.39452017239336,0.447440660157605,0.419501969746145,0.4185345417699,0.38039480850367,0.400848634821473,0.400747734582404,0.455742210658345,-0.248171583265453,0.361541215510005,0.508488018372571,0.493373175818093,0.462367204047641,0.412042467123797,0.409720994682506,0.376612967708842,0.368608652952671,0.333230425056818,0.336148809116479,0.377883073585554,0.377618132080073,0.347236263705149,0.347709806515905,0.364125895143594,0.360424915335991,0.285333918471483,0.284214452579302,0.320342829924484,0.320548613011322,0.285848158160382,0.285560368168524,0.317134367092184,0.317708289904169,0.300092772773842,0.299545686948634,0.251503441504328,0.251503441504328,0.361789294024052,-0.0335178938347114,0.135486416199993
"Prkaca",0.0630112109872886,-0.188367815346109,-0.536973175404508,-0.586565907664664,-0.864864009772246,-1.14301603546034,-1.23905389892454,-1.22564880886872,-1.11469140238934,-0.988613184211737,-0.819511198378177,-0.877099102574782,-0.666299509198835,-0.549563363161155,-0.570545334097572,-0.606900751084485,-0.571872983460664,-0.40894468894203,-0.46140665491588,-0.35067925097327,-0.289416926124856,-0.251789145314978,-0.194797264486947,-0.121545768736795,-0.107451188318431,0.110569325559899,0.111253231020496,0.283243670361156,0.138950293107457,0.114847154607666,0.176794044310251,0.193337623450869,0.204480258398427,0.160622437639248,0.0905155885080255,0.242410606959563,0.246740286780566,0.291043922433352,0.298560410835345,0.34067910409099,0.342613564561444,0.314352910384912,0.25535346766664,0.185189870539675,0.293439969888656,0.210420382830684,0.191917208299117,0.20363561028562,0.681094800865888,0.399380458539721,0.262384263838553,0.083470845889599,0.125033512449078,0.35524148254015,0.356877528291533,0.198999850712995,0.180192648030824,0.188723892353712,0.199377557973824,0.287111884322251,0.296188770001464,0.343462118132621,0.344344135116656,0.272006503221871,0.255602018148612,0.0461027519216204,0.0420603807466258,0.18981268923557,0.203219386537221,0.369426160590919,0.370041784810094,0.277385437374018,0.275060415939949,0.253300421071752,0.253130454818907,0.170791921589019,0.170791921589019,0.0829235791511608,0.0157967432068368,-0.196477940050043
"Prkag2",0.115093394822318,-0.21821788264813,-0.755829291405505,-1.02087482696487,-1.47991274315921,-1.48428748906388,-1.38945275556894,-1.34513279928084,-1.18414964673455,-0.881024491835719,-0.730736329062732,-0.851415960719294,-0.657665055179159,-0.937140620007612,-0.507558352194185,-0.416987486006863,-0.393371634550699,-0.182226271889309,-0.303497871095683,-0.176920923959173,0.0062545749465275,-0.15953217185793,-0.152943161221467,0.0393562943691739,0.0739139711824127,0.140067654548176,0.110920198974293,0.363167463323161,0.0483732422967284,0.312595836395075,0.155523015066964,0.337730448757158,0.282951740489812,0.29881997869886,0.25938619824756,0.170468541779285,0.304979403913019,0.5787609280687,0.448403815339658,0.671727180778652,0.530915540506068,0.528158950777008,0.498619494114059,0.559881482163922,0.448996485170459,0.43092578426111,0.533775989508538,0.198377551256282,0.217659575523489,0.580590554349561,0.621191894095679,0.435655529677886,0.42996249994116,0.557037205369198,0.544647215738752,0.333491668859986,0.330931202119534,0.474020353545373,0.477768614064881,0.348283928904534,0.331070451447791,0.280758610761551,0.285235736093094,0.311226788976089,0.302735086072222,0.0745193162343174,0.0564797299386032,-0.105028733026644,-0.106965122887436,0.0551758360722144,0.070781936710027,0.403588867551141,0.405541415128673,0.272466785103689,0.271063347031082,0.568500199168296,0.568500199168296,0.336106766949294,-0.11360862901533,-0.513767440035416
"Prkag3",-0.130773145026631,0,-0.75256637155068,-3.25081723907851,0,-3.28206817306294,-3.43563220259848,0,0,-2.10708176161706,0,0,0,-1.13019671838261,0,-1.74710505888051,0,-2.28470323323091,-1.10203804650774,-1.83900364067395,-2.12349840901405,-3.29617777247838,0,-0.604215672564963,-2.85784568115325,-3.15609858182537,-1.83256302711612,-1.61136454769659,-3.31760433028971,-1.51333648867012,-0.634706039786684,-2.22191136263213,-2.33570613666502,-1.20850643422054,-0.230988265316584,-0.724271424582671,-1.08586243879724,-1.37541161022984,-0.670729197072798,-1.15128156552759,-1.28162946390923,-1.47120730750381,-0.778329467615761,-2.39425831902013,-1.45133516079219,-0.950344826884618,-0.0185219528515243,-0.513851644912299,-0.565250797418943,-0.726390662461195,0,-6.94118395877463,-0.993160010699161,-0.915020488820178,-1.66814654986534,-1.76349982303771,-1.03469500930568,-0.86983392434263,-0.278343390722781,-0.32978240006418,-1.50460686043499,-1.52138347801147,-0.581358464270575,-0.549753503118586,-1.14568196588003,-1.25895984868145,-3.26635808997428,-3.14157223745708,-0.444444076188348,-0.384427544594807,0.113588436580641,0.0974843686831541,-3.03728479466229,-3.18307867950699,-2.08547950713184,-2.08547950713184,-1.06721730073912,0.817024320904714,0,0.0829209597000181
"Prxl2c",-0.415651435588603,-0.200237777701298,-0.0782874992419875,-0.565086270326782,-0.780282040037643,-0.790978050419034,-1.0262631033097,-0.984891527696321,-0.968933940148646,-0.838796389308139,-1.18773003641999,-0.700531930633743,-0.994213621215371,-0.799412333935698,-0.601673869304861,-0.693747235956086,-0.658443210161088,-0.930412917088991,-0.718127846484737,-0.733050425834678,-0.829835254509452,-0.844962527827167,-0.950044243659807,-0.630446202823375,-0.894558931926601,-1.35768644722921,-1.22273257390097,-1.20263179286851,-0.963815081049322,-0.971689470009168,-0.962860673140235,-0.998945577155378,-1.42393769512033,-0.979933386623236,-1.07288234486763,-0.940830294719155,-1.00109658994397,-1.01420969541907,-0.976605744883979,-1.29321200969121,-1.33761457695373,-1.43687025146623,-1.22685755499303,-1.45847709170486,-1.13860425334818,-1.23063839084006,-1.17916514221005,-0.797757481910297,-1.52334652927794,-1.10530975553586,-0.981342416632133,-1.03533438357525,-1.06397285580896,-1.14838207318257,-1.18269433109937,-1.40862868524625,-1.40291862960004,-1.20533180419152,-1.19608903758926,-1.27206224507206,-1.27902652499541,-1.29150654650894,-1.29767023840131,-1.32174196426038,-1.30691847945286,-1.10058593960253,-1.10092844918489,-1.07011496594974,-1.0435360117706,-0.453937098843694,-0.442463769369466,-0.396680699858517,-0.393887851332039,-0.140039359152205,-0.136689561110988,-0.0406004230898048,-0.0406004230898048,-0.376376011489969,-0.0572138090966019,0.0713248215561735
